Date,AA,BAC,BHI,CVX,DD,DOW,DPS,GS,HAL,HES,HON,HUN,JPM,KO,MMM,MPC,PEP,SLB,WFC,XOM,VV
31-Dec-13,10.63,15.57,55.26,124.91,64.97,44.4,48.72,177.26,50.75,83,91.37,24.6,58.48,41.31,140.25,91.73,82.94,90.11,45.4,101.2,84.8
30-Dec-13,10.53,15.54,54.45,124.23,64.65,44.6,48.84,175.73,50.4,82.61,91,24.33,57.95,41.09,139.42,88.5,82.91,89.17,45.5,100.31,84.37
27-Dec-13,10.69,15.67,54.77,125.23,64.25,44.6,48.8,176.35,51.08,83.07,91.14,24.24,58.14,40.66,139.35,89.13,82.71,89.9,45.5,101.51,84.45
26-Dec-13,10.43,15.65,54.58,124.81,64.25,44.86,48.59,176.45,51.21,82.6,91.1,24.01,58.2,40.49,138.29,89.54,82.45,89.39,45.54,100.9,84.45
24-Dec-13,10.36,15.7,54,123.51,63.83,44.42,48.5,176.16,50.68,81.14,90.45,24.14,58.25,40.19,136.99,89.35,82.04,88.31,45.39,99.22,84.07
23-Dec-13,10.13,15.69,53.64,122.8,62.74,43.88,48.19,176.47,50.3,80.22,89.72,23.94,58.24,40.16,136.8,88.77,81.86,87.32,45.21,98.51,84.31
20-Dec-13,9.94,15.6,53.81,122.78,62.55,43.78,48.42,175.16,50.54,80.17,89.55,23.77,57.7,40.04,136.72,87.26,81.81,87.27,44.96,98.68,83.85
19-Dec-13,9.97,15.75,53.19,123.22,62.71,43.9,47.8,174.77,49.42,80.54,88.64,23.77,57.23,39.86,136.41,85.71,81.66,86.47,45.02,99.43,83.36
18-Dec-13,9.83,15.69,53.66,121.6,62.19,43.51,48.22,174.84,49.91,80.83,88.45,23.79,57.24,40.02,135.8,87.42,81.42,87.26,44.93,99.54,83.5
17-Dec-13,9.7,15.18,52.66,118.74,61.18,42.2,47.35,170.49,49.35,79.51,86.48,23.55,55.72,39.1,131.39,86.09,80.46,85.54,43.59,96.75,82.07
16-Dec-13,9.57,15.24,53.23,120.22,60.84,41.6,47.75,170.95,50.13,79.35,87.37,23.38,56.42,39.27,127.66,86.35,81,87,43.98,97.22,82.32
13-Dec-13,9.51,15.18,52.71,119.9,60.24,41.52,47.58,168.39,49.39,78.95,86.61,23.18,56.17,39.23,126.43,85.21,80.93,86.37,43.73,95.31,81.81
12-Dec-13,9.37,15.25,53.03,120.99,59.95,40.76,47.3,168.33,49.59,78.56,86.29,23.17,56.31,39.21,126.58,85.7,81.28,86.96,43.5,95.36,81.77
11-Dec-13,9.34,15.25,52.44,122.1,60.29,41.05,48.31,167.6,48.99,78.94,86.45,23.15,56.07,40.13,126.77,85.98,82.67,86.14,43.52,94.26,81.97
10-Dec-13,9.56,15.56,53.29,123.66,61.44,41.78,48.39,169.73,49.43,79.94,87.84,23.98,56.7,39.85,127.55,87.51,82.4,87.01,44.11,95.71,82.97
9-Dec-13,9.48,15.58,53.74,123.34,61.39,40.8,48.74,167.67,49.91,80.51,87.87,23.62,56.51,40.4,128.57,85.55,82.69,88.03,44.32,95.84,83.18
6-Dec-13,9.36,15.56,53.83,122.29,61.34,39.27,49,167.21,50.56,80.86,88.32,23.32,56.06,40.46,128.61,87.2,83.15,88.15,44.11,95.65,82.99
5-Dec-13,9.35,15.43,54,121.1,60.11,38.61,48.21,165.56,50.48,81.47,86.86,23,55.82,39.83,126.83,83.85,81.9,86.87,43.25,94.13,82.16
4-Dec-13,9.36,15.63,54.7,121.77,60.26,38.89,48.63,168.7,50.62,82.21,86.83,23.14,57.19,40.37,126.46,83.26,82.65,87.28,43.75,94.67,82.49
3-Dec-13,9.42,15.54,56.65,122.52,60.5,38.72,48.11,168.05,52.02,81.15,87.07,22.98,56.86,40.35,126.6,86.99,83.8,87.64,43.73,94.39,82.49
2-Dec-13,9.55,15.73,56.25,122.34,61.74,39.98,47.74,169.72,52.01,80.91,88.14,23.16,56.98,40.08,127.68,87.41,83.7,87.6,44.18,93.52,82.71
29-Nov-13,9.61,15.82,56.96,122.44,61.38,39.06,48.26,168.94,52.68,81.13,88.51,22.93,57.22,40.19,133.51,82.74,84.46,88.42,44.02,93.48,83.04
27-Nov-13,9.64,15.83,56.73,122.42,61.54,39.1,48.47,168.22,52.42,81.48,88.87,23,57.48,40.19,133.5,84.34,84.42,87.95,44.27,93.8,83.07
26-Nov-13,9.65,15.88,56.92,122.78,61.32,38.79,48.19,168.04,53.18,83.61,88.53,22.97,57.17,40.25,132.15,81.55,84.39,89.46,44.31,94.27,82.87
25-Nov-13,9.59,15.81,57.03,123.74,61.58,39.01,48.49,169.48,52.7,82.63,88.59,22.49,57.65,40.37,131.23,81.78,85.37,89.81,44.48,95.09,82.85
22-Nov-13,9.24,15.64,57.91,124.03,61.7,39.66,48.94,168.1,54.5,83.33,88.8,22.62,57.46,40.43,131.02,80.25,85.74,92.73,44.36,95.01,82.88
21-Nov-13,9.12,15.59,57.89,123.46,61.6,39.63,49.17,167.07,54.2,82.33,87.94,22.32,57.22,40.43,130.35,78.78,85.62,91.01,44.08,94.69,82.5
20-Nov-13,9.05,15.14,56.91,122,60.79,39.26,48.41,165,53.58,81.31,87.22,22.08,56.1,40.06,129.18,77.4,85.13,90.45,43.62,94.68,81.81
19-Nov-13,9.13,15.2,57.16,122.06,61.49,39.7,48.45,166.6,53.76,81.89,87.86,22.64,56.15,40.14,130.05,78.83,85.29,91.28,43.56,95.42,82.09
18-Nov-13,8.95,14.92,57.33,120.56,61.7,39.87,48.66,165.68,54.33,81.91,88.68,22.84,55.74,40.17,130.13,77.43,85.86,92.02,43.41,95.45,82.26
15-Nov-13,9.03,14.92,58.27,120.06,62.11,40.23,48.56,164.4,56.23,82.86,88.62,22.99,54.87,40.22,129.85,78.84,86.03,92.98,43.54,95.27,82.66
14-Nov-13,8.98,14.8,58.28,119.56,61.79,40.1,48.75,163.2,56.26,81.7,88.67,23.28,54.4,40.21,129.79,78.86,86.39,93.31,43.09,93.22,82.3
13-Nov-13,8.99,14.64,57.55,120.09,60.94,39.6,48.14,162.94,55.54,80.78,87.51,23.22,54.14,40.12,128.59,75.1,85.95,93.08,42.76,92.59,81.89
12-Nov-13,8.92,14.32,57.13,120,62.05,39.34,47.94,162.89,54.46,79.94,86.59,22.85,53.97,39.88,128.36,74.01,85.64,91.99,42.28,92.67,81.19
11-Nov-13,9.03,14.4,58.35,121.08,62.09,39.66,47.91,163.84,55.3,80.87,87.42,22.81,54.1,39.87,127.95,72.2,85.45,93.87,42.75,92.96,81.32
8-Nov-13,9.06,14.32,57.92,121.19,62,39.67,47.91,163.17,55.32,80.3,87.44,22.61,53.96,40.05,127.99,71.65,85.85,93.79,42.71,92.73,81.33
7-Nov-13,8.95,13.8,55.97,119.91,60.85,38.67,47.33,159.64,53.9,78.78,85.46,22.19,51.65,39.83,126.41,70.43,85.3,92.05,41.71,91.96,80.25
6-Nov-13,9.66,13.96,57.96,121.14,60.77,39.26,47.76,163.52,54.4,81,86.72,22.65,52.1,40.05,127.13,70.4,86.68,93.23,42.44,93.22,81.34
5-Nov-13,9.78,13.93,57.88,118.45,60.3,38.72,47.28,161.95,53.13,80.49,86.34,22.75,51.95,39.5,126.12,70.72,84.62,92.39,42.63,91.99,80.95
4-Nov-13,9.92,14.04,58.41,118.1,60.31,38.4,47.18,163.16,54.04,81.73,86.31,23.19,52.04,39.51,126.32,71.69,84.37,93.51,42.7,92.1,81.24
1-Nov-13,9.27,14.02,58.29,118.01,61.09,38.95,47.43,162.05,53.23,80.93,86.91,23.21,52.51,39.61,125.9,70.86,84.56,93,42.67,89.82,80.96
31-Oct-13,9.27,13.97,58.09,119.96,61.2,39.47,47.35,160.86,53.03,81.2,86.73,23.22,51.54,39.57,125.85,71.66,84.09,93.72,42.69,89.62,80.77
30-Oct-13,9.46,14.17,58.37,120.3,61.02,39.26,47.47,162.05,53.26,80.32,86.72,23.13,52.6,39.62,124.79,72.51,84.72,93.88,43.1,88.81,81
29-Oct-13,9.54,14.15,58.66,121.5,61.48,39.46,47.71,162.11,53.25,83.5,87.46,23.04,52.73,39.8,125.28,70.82,85.49,94,42.96,88.93,81.44
28-Oct-13,9.56,14.23,58.05,120.91,61.56,39.11,47.51,161.45,52.03,83.16,87.33,21.71,52.68,39.61,124.92,71.2,84.61,92.85,42.83,88.23,80.97
25-Oct-13,9.24,14.26,58.23,120.59,61.9,39.52,46.67,162.09,51.69,83.2,87.5,22.35,52.77,39.03,124.42,69.89,83.35,92.9,42.86,87.97,80.89
24-Oct-13,9.25,14.17,57.07,120.56,61.38,40.62,46.49,159.96,51.1,83.09,87.28,22.47,52.48,38.8,123.49,69.21,82.54,92.85,42.69,88.42,80.57
23-Oct-13,9.27,14.21,56.2,120.13,60.22,41.04,46.49,157.74,50.74,81.92,86.69,22.62,52.75,39.09,123.2,72.09,83.33,92.84,42.76,87.61,80.32
22-Oct-13,9.36,14.52,57.15,120.64,60.17,41.55,45.37,159.25,51.78,83.56,86.16,22.49,53.62,39.09,123.8,72.5,83.44,94.46,42.94,87.98,80.73
21-Oct-13,8.6,14.52,56,119.82,59.46,41.36,44.98,159.77,50.66,84,84.65,22.49,54.27,38.82,123.25,70.93,82.37,93.48,42.62,87.23,80.25
18-Oct-13,8.63,14.63,55.55,119.65,59.62,41.31,45.01,158.69,52.47,84.06,84.58,22.3,54.3,38.78,122.84,70.74,83.01,93.99,42.68,87.55,80.26
17-Oct-13,8.59,14.66,51.78,119.52,59.64,41.39,45.03,158.32,51.72,82.39,86.74,22.2,54.21,38.55,122.62,70.18,82.58,91.43,42.68,87.48,79.74
16-Oct-13,8.53,14.56,50.98,119.16,59.06,41.13,45.04,162.25,51.97,82.31,85.75,21.9,54,38,120.94,68.95,82.27,92.18,42.21,87.31,79.16
15-Oct-13,8.38,14.24,50.12,118.15,58.14,40.43,43.78,157.63,51.16,80.81,85.14,21.51,52.31,37.66,119.82,68.44,80.6,90.54,41.54,86.79,78.1
14-Oct-13,8.45,14.35,50.42,118.58,58.36,40.82,44.17,159.46,51.35,81.31,85.98,21.5,52.71,37.91,121.4,67.19,81.09,91.17,41.75,87.6,78.64
11-Oct-13,8.32,14.19,50.23,117.67,57.93,41.07,43.92,160,50.67,81.1,86.46,21.73,52.51,37.77,120.72,67.25,80.83,90.02,41.43,86.95,78.32
10-Oct-13,8.35,14.23,49.64,116.38,58.29,40.4,44.05,158.01,50,80.79,85.09,21.57,52.52,37.78,119.34,65.31,80.69,89.42,41.44,86.04,77.81
9-Oct-13,8.1,13.84,48.64,116.13,56.94,38.92,43.63,154.44,48.56,78.53,81.9,21.2,50.75,37.08,117.57,62.1,79.5,87.04,40.36,85.16,76.15
8-Oct-13,7.94,13.69,48.93,116.73,57.07,38.52,43.47,153.05,48.66,78.77,81.82,21.48,50.87,37.28,117.16,62.5,78.93,87.95,40.24,85.51,76.13
7-Oct-13,7.97,13.81,49.01,117.87,58.11,39.35,43.38,154.25,49.02,79.54,82.91,21.75,51.83,37.05,118.69,63.92,79.06,89.29,40.62,85.9,77.11
4-Oct-13,7.96,14.05,49.45,118.13,58.65,39.99,43.47,156.55,49.06,80.14,82.24,21.92,52.67,37.2,119.4,65.23,79.62,90.01,41.3,86.32,77.75
3-Oct-13,7.86,14,48.79,118.25,57.76,38.77,43.41,156.85,48.4,79.89,81.45,21.49,51.94,37.16,118.55,65.23,79.44,89.44,41,85.5,77.21
2-Oct-13,8.02,14.06,49.63,120.83,58.99,38.7,44,158.67,49.09,79.96,82.84,21.13,52.09,37.43,119.2,65.34,79.56,89.85,41.26,86.08,77.89
1-Oct-13,8.17,13.9,49.66,121.32,58.69,38.31,44.48,159,48.6,78.69,83.22,21.03,51.96,37.95,119.62,64.29,79.82,89.05,41.49,86,77.96
30-Sep-13,8.12,13.8,49.1,121.5,58.56,38.4,44.82,158.21,48.15,77.34,83.04,20.61,51.69,37.88,119.41,64.32,79.5,88.36,41.32,86.04,77.34
27-Sep-13,8.2,13.9,49.53,122.64,59.01,39.02,44.98,159.85,48.39,78.33,83.58,20.55,52.24,38.4,120.22,64.94,80.2,88.82,41.59,86.9,77.75
26-Sep-13,8.27,14.08,49.47,123.49,59.51,39.99,45.07,162.29,48.71,78.79,84.05,20.8,51.89,38.74,120.66,64.14,80.54,88.83,41.61,87.07,78.08
25-Sep-13,8.33,14.14,49.42,124.07,59.32,39.86,44.95,162.31,48.88,78.72,83.84,20.71,51.7,38.33,120.2,64.47,80.21,88.57,41.81,87.14,77.76
24-Sep-13,8.3,14.09,49.26,124.49,59.32,39.11,45.27,162.97,48.75,78.51,84.25,20.57,50.32,38.53,120.8,64.31,80.54,87.91,41.73,87.36,77.97
23-Sep-13,8.28,14.14,49.24,125.52,59.41,39.24,45.29,165.25,48.39,78.53,84.13,20.57,51.46,38.63,121.11,62.99,81.02,87.04,42.31,87.75,78.12
20-Sep-13,8.29,14.44,49.84,124.92,59.42,39.7,45.59,169.75,49.34,78.63,85.48,20.55,52.8,39.4,120.01,64.51,81.74,87.44,42.85,88.66,78.82
19-Sep-13,8.44,14.61,50.23,125.44,60.33,40.61,45.79,167.78,49.54,79.64,86.79,20.38,52.75,39.31,121.57,65.41,81.82,88.79,42.96,89.28,79.4
18-Sep-13,8.56,14.72,50.38,125.82,60.44,40.86,46.09,168.06,49.75,79.22,86.65,19.5,53.41,39.59,121.29,66.26,82.88,88.95,43.31,89.58,79.55
17-Sep-13,8.26,14.55,50.26,124.34,59.62,39.71,45.52,167.42,49.67,77.79,85.45,19.5,53.09,38.79,119.93,66.21,81.66,87.74,42.85,88.94,78.62
16-Sep-13,8.1,14.53,49.95,124.08,59.7,39.8,45.13,167.03,49.82,77.92,85.1,19.14,53.14,38.86,119.23,66.95,81.02,87,42.89,88.67,78.22
13-Sep-13,8.08,14.49,49.7,124.14,58.88,39.87,44.91,164,49.69,77.72,84.05,19.27,52.59,38.69,118.6,67.89,80.32,86.72,42.19,88.4,77.78
12-Sep-13,8.16,14.48,49.4,123.89,58.06,38.86,44.56,163.35,49.2,77.25,83.78,18.73,52.24,38.44,118.2,66.93,79.87,86.58,42.26,87.98,77.59
11-Sep-13,8.19,14.65,50.14,123.92,58.83,39.85,44.31,165.06,50.19,78.1,84.03,18.73,53.26,38.78,118.71,67.71,79.85,87.05,42.5,88.84,77.83
10-Sep-13,8.06,14.61,50.22,123.01,58.04,39.98,44.54,165.14,50.32,77.79,84.13,18.63,53.67,38.63,117.59,68.1,79.43,86.9,42.45,87.82,77.61
9-Sep-13,8.08,14.48,50.13,122.22,57.5,38.81,44.58,159.49,50.26,78.33,82.43,18.85,52.86,38.52,116.74,69.61,79.38,86.45,41.72,88.04,77.01
6-Sep-13,7.92,14.36,48.99,121.21,57.11,38.56,44.47,156.66,49.54,77.3,81.66,18,52.56,38.35,115.04,70.85,79.26,85.14,41.43,87.25,76.27
5-Sep-13,7.87,14.37,48.43,121.37,57.61,38.41,44.61,156.17,49.77,76.53,81.39,17.76,52.11,38.24,114.87,72.1,79.07,84.22,41.82,87.35,76.19
4-Sep-13,7.84,14.32,47.73,120.86,57.23,37.78,45.25,155.74,49.08,76.15,80.96,17.75,51.87,38.54,114.55,73.66,79.53,82.86,41.5,87.76,76.11
3-Sep-13,7.72,14.25,46.85,120.55,56.39,37.44,44.6,154.76,48.3,75.99,80.98,17.53,51.13,37.9,113.22,73.44,80.2,82.42,41.39,87.15,75.45
30-Aug-13,7.7,14.12,46.49,120.43,56.62,37.4,44.76,152.13,48,74.85,79.57,17.5,50.53,38.18,113.58,72.51,79.73,80.94,41.08,87.16,75.13
29-Aug-13,7.81,14.17,46.65,120.37,56.66,37.52,44.59,153.63,48.54,75.82,80.06,17.74,50.7,38.1,113.32,73.63,79.33,81.6,41.25,87.27,75.43
28-Aug-13,7.93,14.12,47.19,121.81,56.79,37.45,44.9,152.97,48.9,76.48,79.45,17.56,50.58,38.35,113,74.04,79.37,82.68,41.25,88.84,75.24
27-Aug-13,7.92,14.11,46.65,118.81,56.75,37.56,45.36,153.23,48.13,75.45,79.25,17.82,50.6,38.15,112.73,73.1,79.06,81.17,41.11,86.82,75
26-Aug-13,8.06,14.49,47.25,118.84,57.57,38.65,45.32,157.9,48.44,75.41,81.05,18.41,51.8,38.12,114.33,74.81,79.69,81.9,42.39,87.09,76.24
23-Aug-13,8.05,14.57,47.51,119.53,57.9,38.74,45.62,158.65,48.71,75.66,81.4,18.28,52.32,38.52,114.4,75.06,79.85,81.67,42.76,87.52,76.49
22-Aug-13,8.03,14.57,47.12,118.29,57.55,37.19,45.24,159.41,47.82,74.51,80.77,18,52.21,38.31,114.67,74.86,79.25,82.21,42.48,86.98,76.19
21-Aug-13,7.84,14.34,46.22,117.7,57.15,37.14,45.16,157.11,46.98,73.03,80.58,17.81,51.63,38.28,113.42,71.85,79.08,80.05,42.36,86.42,75.53
20-Aug-13,8,14.29,46.84,118.29,57.53,36.95,45.58,159.56,47.35,73.72,81.72,18.13,52.12,38.65,115.42,70.99,80.29,80.62,42.59,86.83,75.98
19-Aug-13,7.94,14.15,46.44,118.66,57.53,36.63,45.2,158.63,46.65,73.29,81.46,17.71,51.83,38.78,115.61,69.05,80.88,80.41,42.49,86.92,75.61
16-Aug-13,8.12,14.42,46.86,119.88,58.28,36.89,44.83,160.66,46.95,75.07,81.96,17.82,53.29,39.05,115.9,70,80.18,81.92,42.75,87.91,76.06
15-Aug-13,8.16,14.32,47.34,120.25,58.74,37.15,45.28,160.75,46.68,75.23,82.01,18.05,53.29,39.09,115.85,70.67,80.91,81.99,42.99,88.16,76.32
14-Aug-13,8.16,14.6,47.22,122.05,59.37,37.75,45.86,163.34,46.82,75.47,83.35,18.55,54.15,39.53,117.62,73.69,82.75,82.16,43.1,88.95,77.41
13-Aug-13,8.15,14.51,47.24,122.5,59.71,37.88,46.46,163.71,46.58,75.21,83.69,18.56,54.29,39.65,118.67,74.94,83.39,82.22,43.32,89.4,77.78
12-Aug-13,8.26,14.41,47.53,121.8,59.88,37.48,46.62,161.69,46.02,75.13,83.43,18.17,54.09,39.83,118.38,73.05,83.81,80.25,43.2,89.89,77.61
9-Aug-13,8.22,14.45,47.44,122.5,59.74,38.04,46.85,162.13,46.03,74.89,83.32,18.2,54.52,40.16,118.31,73.24,84.34,80.49,43.23,90.72,77.68
8-Aug-13,7.91,14.61,47.92,123.07,59.76,36.91,47.04,162.84,46.14,74.36,83.51,18,54.83,40.2,118.68,72.49,84.68,81.23,43.22,91.78,77.92
7-Aug-13,7.79,14.53,47.54,123.33,59.6,36.29,47.22,163.45,45.53,73.56,83.65,17.95,55.3,40.15,117.83,71.72,84.76,81.05,43.27,91.34,77.59
6-Aug-13,7.91,14.64,47.43,123.14,59.2,36.06,47.15,164.78,45.85,73.46,84.16,18.06,55.49,40.37,117.5,71.12,85.05,82.22,44.03,91.47,77.86
5-Aug-13,8,14.8,48.03,123.99,59.59,36.48,47.47,168.32,46.05,75.08,84.53,18.44,56.1,40.29,117.92,71.69,84.48,82.89,44.34,91.59,78.33
2-Aug-13,7.97,14.84,48.42,124.95,59.92,36.22,47.41,167.62,46.3,75.31,84.68,18.4,56.49,40.22,118.26,71.93,84.29,82.89,44.49,91.95,78.43
1-Aug-13,7.95,14.95,48.41,126.44,58.45,35.4,47.26,167.49,46.41,76.04,84.56,18.34,56.54,40.57,118.41,75.09,84.2,83.55,44.26,92.73,78.31
31-Jul-13,7.95,14.6,47.43,125.89,57.69,35.04,46.74,164.03,45.19,74.46,82.98,18.02,55.73,40.08,117.43,73.33,83.54,81.33,43.5,93.75,77.34
30-Jul-13,8.03,14.52,47.13,125.78,57.68,35.06,46.45,162.43,45.23,73.19,83,18.13,55.33,40.32,116.84,73.01,85.11,81.43,43.26,93.81,77.31
29-Jul-13,8.04,14.52,47.24,126.17,57.54,35,46.8,163.17,45.53,72.03,82.76,17.76,55.69,40.28,116.61,72.23,85.25,81.15,43.25,94.03,77.22
26-Jul-13,8.07,14.73,47.98,127.56,57.66,34.7,46.64,165.26,45.98,73.2,82.88,17.55,56.05,40.64,116.91,71.91,85.31,81.91,43.51,94.79,77.52
25-Jul-13,8.03,14.83,47.46,127.76,57.59,34.99,46.11,165.91,44.34,73.54,82.85,17.91,56.5,40.84,116.55,72.05,85.55,82.57,43.65,94.97,77.46
24-Jul-13,8.05,14.71,47.76,126.37,57.38,34.37,46.32,165.04,44.82,72.63,83.01,17.65,56.63,40.86,116.33,70.39,85.64,82.85,44.31,94.99,77.2
23-Jul-13,8.14,14.94,47.75,127.26,57.12,34.55,47.68,166.26,45.58,73.43,83.27,17.72,56.67,40.96,116.75,71.77,86.2,83.57,44.57,95.2,77.51
22-Jul-13,8.12,14.92,47.51,127.03,57.17,34.59,47.82,166.25,45.08,73.27,83.04,17.54,56.56,40.84,116.28,69.84,86.4,83.81,44.63,94.83,77.6
19-Jul-13,8.07,14.75,47.8,126.91,57.14,34.67,48.29,164.36,45.83,73.94,83.57,17.53,56.16,41.09,116.19,69.6,86.41,82.74,44.45,95.17,77.47
18-Jul-13,8.21,14.76,49.08,125.47,57.47,34.58,47.91,164.06,44.74,72.16,82.97,17.24,56.37,40.81,115.48,68.29,86.8,78.48,44.41,94.38,77.35
17-Jul-13,8.19,14.31,48.9,124.35,57.25,34.73,47.7,161.5,44.14,71.28,82.44,17.16,55.27,40.84,114.64,69.75,85.24,77.61,43.51,93.46,76.9
16-Jul-13,8.11,13.92,48.69,124.12,54.38,33.97,47.31,160.24,43.63,70.74,82.03,17,55.01,40.23,114.34,69.93,84.02,76.52,43.02,93.3,76.7
15-Jul-13,8.17,13.88,48.91,124.68,54.63,34.4,47.5,163,44.11,71.06,82.3,17.53,54.89,41.01,114.85,73.1,84.72,77.02,43.35,93.25,77.01
12-Jul-13,8.1,13.78,49.16,124.06,54.41,34.12,47.46,160.11,44.64,71.17,82.37,17.5,54.97,41.03,115.14,73.24,84.32,76.84,42.63,93.4,76.82
11-Jul-13,8.1,13.51,48.8,123.77,54.54,34.2,47.57,157.71,44.18,70.96,82.57,17.52,55.14,41.03,114.53,71.51,84.55,76.63,41.89,93.27,76.68
10-Jul-13,7.92,13.37,48.78,122.9,53.92,33.79,46.96,155.83,44.13,68.73,81.21,17.12,54.83,40.68,113.43,68.3,82.99,76.18,42.07,92.82,75.62
9-Jul-13,7.91,13.53,48.96,123.27,53.91,34.02,46.6,156.94,44.31,68.57,81.39,17.14,54.89,40.83,113.35,70.12,82.77,76.54,42.7,93.34,75.57
8-Jul-13,7.92,13.28,48.69,121.24,53.76,33.09,46.39,153.81,43.92,68.53,80.67,17.07,54.7,40.54,112.13,69.44,81.78,74.79,42.83,92.25,75.05
5-Jul-13,7.81,13.06,48.09,120.51,53,32.69,46.37,153.24,43.71,68.13,80.06,16.76,53.99,40.52,111.54,68.99,80.8,74.09,42.07,91.57,74.64
3-Jul-13,7.71,12.83,47.62,119.08,52.4,32.43,46.58,150.43,42.65,67.2,78.51,16.6,52.77,40.49,109.45,70.73,80.73,73.01,41.22,90.69,73.87
2-Jul-13,7.8,12.9,47.58,119.15,52.54,32.44,46.6,150.92,42.79,67.22,77.88,16.59,52.8,40.37,108.73,69.29,81.68,72.61,41.22,90.64,73.75
1-Jul-13,7.86,12.93,46.69,119.08,52.72,32.5,46.41,151.75,42.45,66.71,80.32,16.92,52.49,40.46,109.31,70.38,82.04,72.78,41.36,90.3,73.85
28-Jun-13,7.82,12.86,46.13,118.34,52.5,32.17,45.93,151.25,41.72,66.49,79.34,16.56,52.79,40.11,109.35,71.06,81.79,71.66,41.27,90.35,73.41
27-Jun-13,7.87,13.01,45.87,118.71,53.57,32.35,46,153.51,41.84,67.05,80.2,16.86,53.15,40.26,110.24,71.05,81.74,71.93,41.56,90.04,73.73
26-Jun-13,7.75,12.76,45.31,118.15,53.53,32.2,45.64,151.66,41.47,65.71,79.75,16.83,52.5,40.33,109.68,72.43,81.3,71.81,41.02,89.8,73.25
25-Jun-13,7.92,12.67,45.08,117.45,52.88,32.5,44.98,153.06,41.15,63.65,77.65,16.82,52.08,39.72,108.24,72.08,80.04,72.09,40.3,89.11,72.54
24-Jun-13,7.79,12.3,44.33,116.82,52.66,32.35,45.19,150.78,40.95,62.87,76.65,16.36,50.92,39.53,107.5,70.38,80.13,71.24,39.8,88.48,71.83
21-Jun-13,7.98,12.69,44.87,118.93,52.91,32.63,45.54,154.25,41.79,64.02,78.25,16.69,51.96,39.76,109.59,72.81,80.13,72.83,40.96,89.48,73.09
20-Jun-13,8.02,12.89,44.92,117.95,52.59,33.19,45.38,155.41,41.8,64.28,77.67,17.23,52.48,39.13,108.78,73.79,78.91,72.14,40.09,89.05,72.87
19-Jun-13,8.11,13.19,45.89,120.5,53.47,34.1,46.6,161.56,43.05,66.38,79.68,17.7,53.55,40.41,111.57,78.31,80.89,73.4,40.66,91,74.73
18-Jun-13,8.21,13.27,46.75,121.52,54.02,34.62,47.43,164.15,44.07,67.52,80.85,18.07,54.11,40.93,112.97,78.92,82.57,74.16,40.84,91.93,75.79
17-Jun-13,8.11,13.21,46.43,121.22,53.7,34.14,47.1,164.11,43.62,67.51,79.71,18,53.85,40.68,111.91,79,82.55,73.1,40.61,91.51,75.2
14-Jun-13,8.12,13.07,46.03,120.28,52.68,34.01,46.93,162.92,42.93,65.97,78.18,18.27,53.13,40.34,111.03,79.61,82.13,71.6,40.16,90.58,74.64
13-Jun-13,8.2,13.21,46.95,121.66,53.88,34.65,46.81,165.82,43.08,66.85,78.31,18.38,54.17,40.41,111.2,80.79,81.98,72.46,40.94,91.33,75.11
12-Jun-13,8.18,13.06,45.35,119.97,54.23,33.79,47,161.86,41.61,66.82,77.32,17.78,53.18,40.39,109.03,79.28,82.11,70.95,40.27,89.74,73.96
11-Jun-13,8.23,13.12,45.47,121.45,54.85,34,46.66,163.31,42.04,67.29,78.16,18.26,53.49,40.79,110.22,79.86,82.53,71.44,40.66,90.46,74.6
10-Jun-13,8.36,13.3,46.23,122.69,55.52,34.33,47.05,167.49,42.82,68.75,78.68,18.56,54.36,41.18,110.81,82.41,82.85,73.3,41.27,91.12,75.33
7-Jun-13,8.33,13.38,46.49,121.7,55.44,34.35,46.33,166.01,43.16,69.18,79.08,18.48,54.27,41.41,111.11,83.63,82.51,73.93,41.25,91.45,75.4
6-Jun-13,8.26,13.2,45.62,120.59,54.79,33.89,46.08,159.68,42.35,67.99,77.66,18.24,53.5,40.79,108.67,82.75,81.66,73.3,40.72,90.23,74.39
5-Jun-13,8.2,13.09,45.38,121.57,54.61,33.66,46.49,158.3,41.76,66.76,76.7,18.14,53.03,40.65,108.59,79.93,81.2,72.18,39.82,89.65,73.73
4-Jun-13,8.38,13.36,45.42,122.96,55.79,34.62,46.91,161.68,41.99,68.25,77.74,18.6,54.04,41.42,110.02,80.63,81.63,72.85,40.44,90.79,74.77
3-Jun-13,8.52,13.55,45.74,124.09,56.13,34.34,47.02,163.56,42.39,68.79,78.85,19.14,54.49,40.81,110.61,82.02,81.4,73.25,40.73,91.46,75.14
31-May-13,8.5,13.66,45.48,122.75,55.79,34.46,45.98,162.08,41.85,67.41,78.46,19.45,54.59,39.99,110.27,82.5,80.77,73.03,40.55,90.47,74.78
30-May-13,8.49,13.83,46.5,125.11,56.3,34.8,46.96,164.35,42.63,68.74,79.44,19.21,55.62,40.77,111.42,83.54,81.22,74.81,41.25,92.09,75.88
29-May-13,8.58,13.48,47.41,125.49,56.02,34.94,47.46,162.87,43.57,68.57,78.8,19.1,54.67,41.4,111.13,83.71,81.12,74.98,40.75,92.08,75.57
28-May-13,8.59,13.35,47.65,126.43,55.89,35.04,48.58,160.7,43.37,68.52,79.77,19.07,54.6,42.55,111.59,83.75,82.43,75.4,40.52,92.38,76.11
24-May-13,8.48,13.24,47.17,125.45,55.35,35.08,48.09,158.72,43.02,67.48,79.29,19.08,53.66,42.24,110.27,82.06,82.58,74.66,40.24,91.53,75.6
23-May-13,8.54,13.21,47.07,125.4,55.35,35.1,47.63,157.41,43.52,68.04,79.24,19.2,53.35,41.93,110.41,82.36,82.12,75.38,40.01,91.79,75.67
22-May-13,8.69,13.31,47.4,124.93,55.57,35.12,48.26,159.34,44.02,68.58,79.59,19.31,53.63,42.25,110.79,82.45,82.97,75.58,40.1,92.19,75.86
21-May-13,8.76,13.44,47.89,125.94,56.38,35.78,48.28,160.73,44.83,69.61,80.15,19.71,53.02,42.34,112.01,82.88,82.63,77.08,40.68,92.8,76.52
20-May-13,8.76,13.51,48.22,124.78,55.93,35.61,48.77,158.9,45.55,69.72,80.53,19.79,52.29,42.38,111.72,84.6,82.59,77.42,40.2,92.52,76.43
17-May-13,8.61,13.43,47.53,123.42,55.89,35.82,49.25,158.18,45.25,69.68,80.75,19.49,52.3,42.97,111.39,82.68,83.8,75.74,39.88,91.76,76.44
16-May-13,8.5,13.36,46.25,122.76,55.49,35.1,49.59,154.47,43.85,69.11,78.73,18.99,50.97,43.09,111.07,78.52,83.74,75.27,39.26,90.7,75.72
15-May-13,8.5,13.44,46.01,123.01,55.55,35.34,50.36,155.61,44.13,70.6,79.89,19.29,51.09,42.92,111.5,79.38,84.25,75.68,39.3,91.24,76.07
14-May-13,8.56,13.34,46.58,125,55.16,34.93,49.3,154.52,44.2,72.22,79.16,18.76,50.23,42.52,110.59,77.85,83.5,76.86,38.76,91.11,75.67
13-May-13,8.53,12.98,46.64,122.85,54.45,34.35,48.92,149.63,43.56,69.39,77.86,18.45,49.67,42.19,110.5,76.45,83.03,77.04,38.2,90.1,74.91
10-May-13,8.7,13.02,46.84,123.23,55.46,34.46,49,149.1,43.39,69.3,77.74,18.77,48.96,42.15,110.48,77.38,83,76.82,38.03,90.14,74.89
9-May-13,8.79,12.91,46.93,123.64,55.38,34.92,48.62,148.54,43.56,70.96,77.78,19.04,49.04,42.12,109.92,78.47,82.85,77.25,37.89,91.03,74.57
8-May-13,8.87,13.02,47.16,123.36,54.7,34.51,49.4,150.26,43.7,71.89,77.48,19.11,49.76,42.46,108.2,78.61,83.25,77.59,38.45,91.7,74.85
7-May-13,8.64,12.9,46.92,123.04,54.65,34.54,49.49,149.32,43.42,72.26,76.9,18.9,49.14,42.7,108.01,81.44,83.34,76.89,38.4,91.15,74.47
6-May-13,8.69,12.88,46.92,123.25,53.89,34.01,49.32,148.45,43.06,72.46,76.08,18.85,48.18,42.08,107.84,80.34,82.5,76.16,37.9,90.58,74.12
3-May-13,8.62,12.24,46.58,123.49,53.94,33.96,49.2,145.37,42.55,73,75.24,18.65,47.57,42.24,107.83,78.1,82.83,75.72,37.74,90.02,73.94
2-May-13,8.46,12.19,45.18,122.04,53.51,33.12,48.68,143.67,42.4,72.21,73.97,18.43,48.08,41.96,106.04,75.8,82.56,74.25,37.41,88.63,73.22
1-May-13,8.43,12.14,44.49,120.27,53.37,33.15,48.06,142.61,42.08,70.71,72.53,18.25,48.01,42.21,104.55,73.47,82.21,73.79,37.46,87.51,72.51
30-Apr-13,8.5,12.31,45.39,122.01,54.51,33.91,48.83,146.07,42.77,72.18,73.54,18.86,49.01,42.33,104.71,78.36,82.47,74.43,37.98,88.99,73.17
29-Apr-13,8.42,12.38,44.88,121.32,54.1,33.87,48.13,145.11,41.57,72.2,73.8,18.68,48.92,42.24,103.83,82.41,82.65,74.03,37.88,88.21,72.98
26-Apr-13,8.27,12.42,44.13,120.04,52.9,33.42,48.08,144.11,40.57,70.99,73.9,18.6,48.88,42.1,103.79,81.35,82.51,73.34,37.88,88,72.51
25-Apr-13,8.39,12.44,44.25,118.51,53.29,33.97,48.12,144.76,40.75,71.16,74.53,19.04,49,42.35,104.88,81.62,82.82,73.44,37.64,88.07,72.65
24-Apr-13,8.41,12.31,44.44,118.28,52.75,32.17,48.19,143.93,40.92,70.12,74.83,18.56,48.72,42.15,107.87,82.62,82.34,73.17,37.34,89.43,72.34
23-Apr-13,8.12,12.07,43.21,117.48,52.49,31.66,47.78,142.94,39.69,68.21,74.76,18.46,48.17,42.7,107.39,81.55,84.1,71.94,37.13,89.3,72.28
22-Apr-13,8.11,11.72,43.44,116.57,50.41,30.99,47.88,139.52,39.29,67.9,74.59,17.78,47.35,42.72,105.8,79.99,83.38,71.23,36.73,88.09,71.54
19-Apr-13,8.08,11.66,43.58,115.9,49.19,30.55,48.07,138.72,37.21,66.78,74.18,17.55,47.23,42.66,105.71,78.75,82.77,69.95,36.69,87.45,71.23
18-Apr-13,8.03,11.44,44.6,115.59,48.59,30.18,47.11,138.6,37.71,67.02,71.47,17.25,46.64,42.1,104.98,76.99,81.25,71,36.27,86.62,70.56
17-Apr-13,7.96,11.7,44.03,114.81,49.15,30.3,46.93,140.6,37.69,66.91,71.89,17.25,46.79,42.55,105.48,76.61,78.85,70.97,36.56,86.08,71.03
16-Apr-13,8.1,12.28,45,117.01,49.6,30.27,47.52,144.1,39.69,68.79,73.18,17.48,48.49,42.37,106.15,78.87,80,73.29,37.06,86.61,72.04
15-Apr-13,8.04,11.98,44.21,116.57,48.78,30.18,46.73,146.46,38.66,67.97,72.2,17.36,47.93,40.09,105.76,77.52,78.92,71.89,36.57,86.49,71.06
12-Apr-13,8.22,12.17,46,119.94,49.82,31.75,47.64,149.12,40.86,71.39,74.25,17.7,49.01,41.08,107.68,80.29,79.99,75.66,37.21,88.99,72.73
11-Apr-13,8.32,12.27,46.7,120.95,50.29,31.86,47.61,149.07,41.17,72.66,74.7,18.03,49.31,41.18,108.25,82.07,79.96,77.14,37.51,89.22,72.93
10-Apr-13,8.31,12.32,46.57,119.64,49.74,31.83,46.98,149.46,40.39,72.92,74.41,18.1,49.25,41.07,107.69,84.34,80.06,76.99,37.57,88.68,72.64
9-Apr-13,8.39,12.25,45.24,118.64,49.23,31.44,46.35,146.52,39.11,73.3,73.54,18.23,48.68,40.71,105.95,84.8,79.21,75.43,37.45,88.77,71.74
8-Apr-13,8.39,12.21,44.76,117.81,48.8,30.68,46.68,143.82,38.41,72.44,73.55,17.99,48.58,40.86,105.75,83.36,79.5,74.96,37.02,88.6,71.54
5-Apr-13,8.24,11.97,44.7,117.52,48.69,30.9,46.12,143.69,38.6,71.69,72.98,18.19,47.91,40.08,105.78,82.37,78.59,74.35,37.15,89.01,71.07
4-Apr-13,8.22,11.94,44.6,118.07,49.04,31.43,46.5,142.99,38.54,71.79,73.75,18.2,47.49,40.54,105.82,82.62,79.53,73.94,37.42,89.77,71.38
3-Apr-13,8.27,11.81,44.53,117.78,48.79,31,46.29,143.41,38.75,72.06,73.33,17.43,46.85,40.17,105.68,81.39,78.96,74.01,36.67,89.93,71.07
2-Apr-13,8.3,12.15,45.32,119,49.03,30.95,46.64,146.68,39.89,74.14,74.21,17.74,48.28,40.72,106.52,85.48,79.74,74.81,36.88,90.58,71.78
1-Apr-13,8.39,12.15,45.73,119.61,49.01,31.37,46.67,146.04,39.93,73.54,74.33,18.15,47.83,40.45,105.65,89.83,79.1,74.02,36.93,90.77,71.5
28-Mar-13,8.52,12.18,46.41,118.82,49.16,31.84,46.95,147.15,40.41,71.61,75.35,18.59,47.46,40.44,106.31,89.6,79.11,74.89,36.99,90.11,71.74
27-Mar-13,8.49,12.23,46.46,120.19,48.89,31.78,46.67,147.84,40.66,72.03,75.17,18.17,47.77,40.22,105.29,89.67,78.29,75.1,36.98,90.58,71.54
26-Mar-13,8.42,12.28,45.68,120.98,48.97,32,46.7,146.54,40.13,71.11,75.48,18.61,48.64,40.69,106.07,90.93,78.92,74.42,37.3,90.13,71.54
25-Mar-13,8.42,12.4,44.89,120.18,49.11,32.29,46.36,146.11,39.65,70.44,74.86,18.49,48.52,40.12,105.17,90.19,77.83,73.86,37.21,89.02,71.01
22-Mar-13,8.45,12.56,45.25,121.18,49.27,32.78,46.42,146.6,39.16,70.27,75.19,18.68,48.78,40.04,106.42,90.91,78.64,74.37,37.2,89.29,71.25
21-Mar-13,8.45,12.57,44.67,120.34,49.36,32.48,45.6,145.38,39.47,69.27,74.59,18.68,48.35,40.07,104.94,89.06,76.15,73.44,37.14,88.17,71.04
20-Mar-13,8.54,12.78,44.95,120.35,49.84,33.44,45.78,150.13,39.44,69.9,74.7,18.98,49.12,39.87,105.66,91.13,76.32,73.79,37.44,88.63,71.62
19-Mar-13,8.48,12.71,45.11,119.46,49.65,33.19,44.98,148.84,39.62,70,74.03,18.78,49.2,39.33,105.18,88.31,76.67,73.98,37.49,88.58,71.14
18-Mar-13,8.56,12.56,46.72,119.13,49.71,33.27,44.35,151.95,40.73,72.22,73.89,19.26,49.51,38.76,105.41,88.74,76.68,76.34,37.76,88.77,71.3
15-Mar-13,8.63,12.57,47.96,119.68,49.9,33.81,44.07,154.84,41.9,72.51,73.46,19.04,50.02,38.83,106.4,87.93,77.04,79.4,38.2,89.37,71.69
14-Mar-13,8.55,12.11,47.22,120,49.92,33.67,43.78,154.02,42.54,71.97,73.81,19.18,51,39.02,106.02,87.7,77.19,78.75,36.97,89.83,71.82
13-Mar-13,8.54,12.06,46.03,118.36,49.59,33.21,43.72,151.91,41.84,71.69,73.95,18.93,50.16,38.59,105.09,86.83,76.95,77.39,36.77,89.26,71.42
12-Mar-13,8.62,12.01,46.29,118.25,49.71,33.24,44.39,151.85,41.96,70.38,73.59,19.31,50.28,38.96,105.13,88.99,76.89,77.44,36.66,89.16,71.3
11-Mar-13,8.67,12.15,45.84,118.73,49.33,32.99,44.14,153.3,42,69.89,73.86,19.35,50.48,39.31,105.81,87.89,76.85,77.78,37.13,89.16,71.48
8-Mar-13,8.61,12.07,46.08,118.57,49.15,32.77,44,152.98,42.08,69.47,73.7,19.43,50.2,39.22,105.71,89.02,77.2,77.96,36.5,88.97,71.22
7-Mar-13,8.64,12.26,45.24,118.56,48.68,32.5,43.85,156.62,41.41,69.04,72.17,19.02,50.63,39.12,104.54,88.28,77.14,77.82,36.42,88.71,70.93
6-Mar-13,8.57,11.92,44.42,118.47,48.74,32.71,44.18,154.13,40.8,69.49,71.27,18.98,50.03,39.02,104.66,88.54,76.8,77.16,36.05,89.56,70.77
5-Mar-13,8.35,11.55,44.19,117.93,48.68,32.2,44.28,152.96,41,69.82,70.68,18.73,49.49,38.68,104.45,88.75,76.9,76.95,35.88,89.61,70.66
4-Mar-13,8.35,11.41,43.54,117.49,48.31,31.92,43.82,152.18,39.96,68.84,69.7,18.39,49.1,38.82,103.28,89.79,76.6,76.5,35.85,88.95,70.03
1-Mar-13,8.44,11.34,44.39,116.9,48.09,31.81,43.78,150.53,40.63,66.54,70.05,17.46,48.91,38.7,103.77,85.01,75.93,77.64,35.39,89.43,69.69
28-Feb-13,8.52,11.23,44.82,117.15,47.9,31.72,43.62,149.76,41.51,66.5,70.1,17.23,48.92,38.72,104,82.88,75.77,77.85,35.08,89.55,69.54
27-Feb-13,8.54,11.3,45.22,116.65,47.51,31.81,43.2,151.65,41.27,65.68,70.35,16.85,49.28,38.45,103.57,82.74,75.48,77.9,35.13,89.53,69.56
26-Feb-13,8.41,11.13,44.46,114.96,46.97,30.89,42.79,148,40.49,64.61,69.12,16.69,47.6,38.11,102.31,80.55,75.62,76.33,34.75,88.51,68.68
25-Feb-13,8.42,11.03,44.25,113.54,46.43,30.64,42.72,147.65,39.85,63.74,68.95,16.28,47.7,37.72,101.75,79.28,75.19,75.83,34.79,87.7,68.24
22-Feb-13,8.64,11.44,45.8,115.96,47.24,31.38,42.9,154.09,41.11,66.03,69.89,16.69,48.91,38.52,103.54,81.53,75.57,77.79,35.82,89.2,69.52
21-Feb-13,8.66,11.42,45.56,114.99,46.52,30.84,42.57,150.88,40.77,64.4,69.8,16.41,48.25,37.71,102.72,80.59,75.36,77.43,35.46,88.59,68.88
20-Feb-13,8.76,11.8,46.08,114.99,46.54,31.64,42.47,155.18,41.62,66.01,70.35,16.83,48.61,37.73,103.15,80.23,75.42,78.53,35.1,88.97,69.31
19-Feb-13,9.06,12.19,46.65,115.92,47.18,32.2,43,158.65,42.81,68.21,70.93,17.64,49.45,37.67,104.18,84.21,75.5,79.99,35.14,89.32,70.2
15-Feb-13,9.32,12.03,46.58,114.96,46.94,32.16,42.91,154.99,42.7,67.42,70.11,17.16,48.88,37.42,103.23,82.56,73.68,80.03,35.16,88.36,69.69
14-Feb-13,9.29,12.13,47.26,115.71,47.23,32.49,42.8,155.93,43.32,68.35,70.09,17.53,49.22,36.84,102.78,83.16,72.28,81.56,35.21,88.52,69.79
13-Feb-13,9.1,12.17,46.13,115.53,47.58,33,42.69,154.52,40.84,67.96,70.18,17.53,48.68,37.21,102.86,81.67,71.5,78.63,35.13,88.67,69.7
12-Feb-13,9.03,12.24,45.82,116.5,47.98,32.76,45.32,154.11,40.71,66.98,70.42,17.8,49.14,37.56,103.46,80.89,72.17,78.53,35.51,88.46,69.63
11-Feb-13,8.87,11.86,45.4,115.64,47.76,32.48,45.42,152.24,40.87,66.74,70.09,19.07,48.66,38.61,102.62,81.69,72.36,77.93,35.26,88.28,69.52
8-Feb-13,8.94,11.76,45.65,115.64,47.5,32.42,45.73,151.6,41.26,67.37,70.53,18.92,48.63,38.77,102.66,81.43,72.6,79.07,34.88,88.61,69.57
7-Feb-13,8.9,11.84,44.84,115.02,47.29,32.2,45.98,150.26,40.83,66.57,70.37,18.73,48.23,38.91,102.22,79.02,72.81,78,34.66,88.25,69.18
6-Feb-13,8.96,11.93,45.22,115.91,47.44,32.53,46.04,151.12,40.31,66.65,69.92,17.85,48.61,38.31,102.69,77.79,72.77,78.73,34.97,89.79,69.29
5-Feb-13,8.94,11.88,45.09,115.81,47.6,32.31,45.9,150.45,40.91,66.02,69.88,17.81,48.79,38.14,101.49,76.68,73.15,80.16,34.85,89.74,69.24
4-Feb-13,8.86,11.48,44.37,115.2,47.44,32.13,45.42,147.52,40.86,67.49,68.56,17.9,47.68,37.35,100.77,76.8,72.45,79.45,34.76,89.15,68.54
1-Feb-13,9,11.71,45.03,116.5,47.98,32.59,45.24,149.9,41.08,68.21,69.15,18.08,47.85,37.54,101.56,76.21,72.67,79.7,35.13,90.04,69.27
31-Jan-13,8.84,11.32,44.72,115.15,47.45,32.2,45.07,147.86,40.68,67.16,68.24,17.63,47.05,37.24,100.55,74.21,72.85,78.05,34.83,89.97,68.61
30-Jan-13,8.8,11.38,44.95,116.45,47.63,34.61,45.3,147.15,40.2,67.88,68.67,17.65,47.13,37.5,100.8,72.89,73.21,78.6,34.97,90.67,68.79
29-Jan-13,8.88,11.49,45.85,117.21,47.96,34.73,45.01,147.1,40.88,68.11,69.09,17.84,47.12,37.42,101.81,71.97,72.94,79.95,35.27,91.76,69.07
28-Jan-13,8.9,11.48,45.62,116.04,48.15,34.42,44.65,144.15,40.28,62.48,68.92,17.94,46.64,37.01,100.65,68.65,72.61,79.28,35.11,91.11,68.78
25-Jan-13,9.03,11.62,45.61,116.2,48.33,34.58,44.56,144.46,39.72,58.9,68.33,18.12,47.16,37.05,100.59,68.67,72.49,79.51,35.14,91.73,68.88
24-Jan-13,9.04,11.53,44.92,115.5,48.07,34.43,44.54,144.96,37.81,58.44,68.24,18.15,46.37,37.11,99.67,68.65,72.23,78.02,35.16,91.35,68.45
23-Jan-13,9.15,11.42,45.21,115.01,47.5,34.08,44.28,145.56,37.79,57.83,68.27,18.18,46.23,37.13,99.49,67.58,71.81,78.17,34.95,90.7,68.41
22-Jan-13,9.2,11.35,44.85,115.91,47.82,33.95,45.2,145.95,37.93,58.87,68.4,17.82,46.54,37.13,99.33,67.11,72.2,78,35.04,90.92,68.31
18-Jan-13,9,11.14,44.3,115.24,46.99,33.8,45.3,144.45,37.5,57.66,67.81,17.56,46.46,37.7,98.74,65.2,72.48,76.5,34.93,90.8,67.96
17-Jan-13,8.94,11.28,42.73,114.74,46.36,33.81,45.07,141.01,36.3,57.3,67.31,17.69,46.44,37.51,98.08,65.38,72.43,73.37,35.03,90.2,67.76
16-Jan-13,8.88,11.78,42.47,113.97,45.97,33.66,44.94,141.09,36.26,57.03,66.73,17.45,46.82,37.32,97.6,64.74,71.48,73.22,35.09,89.47,67.38
15-Jan-13,8.92,11.55,42.19,113.44,46.25,34.09,45.28,135.59,36.18,56.67,66.88,17.45,46.35,37.32,97.29,64.26,71.6,72.59,35.11,89.53,67.4
14-Jan-13,8.92,11.47,42.01,112.85,46.27,34.28,45.19,136.13,35.91,56.42,66.76,17.25,45.88,36.99,97.08,62.62,71.29,72.77,34.77,89.58,67.32
11-Jan-13,8.94,11.63,43.01,111.73,46.15,33.86,45.08,137.13,36.62,56.25,66.31,17.73,46.14,36.91,96.28,61.99,70.88,73.75,35.1,89.61,67.38
10-Jan-13,8.97,11.78,43.03,110.47,46.2,33.84,45.76,137.37,36.9,56.61,66.42,17.97,46.15,36.96,96.89,62.79,70.81,73.25,35.4,89.1,67.35
9-Jan-13,9.08,11.43,42.41,109.54,46.44,33.5,45.7,134.32,36.48,55.6,66.54,18.18,45.47,37.03,96.41,62.42,70.01,72.2,34.71,88.14,66.88
8-Jan-13,9.1,11.98,42.36,109.26,46.05,33.1,45.38,133.05,36.19,55.41,65.74,18.1,45.5,37.04,95.5,61.55,69.66,72.51,34.71,88.48,66.67
7-Jan-13,9.1,12.09,43.01,109.75,45.8,33.59,45.24,134.26,36.65,55.84,66.36,17.98,45.41,37.3,95.49,60.25,69.45,72.21,34.77,87.93,66.84
4-Jan-13,9.26,12.11,43.53,110.5,45.73,33.63,45.68,134.51,36.65,55.02,66.33,17.74,45.36,37.66,95.37,62.55,69.46,72.01,34.94,88.96,67.05
3-Jan-13,9.07,11.96,42.55,109.92,45.29,33.15,45.42,130.94,36.31,54.2,65,16.78,44.57,37.6,94.67,62.22,69.36,70.92,34.76,88.55,66.71
2-Jan-13,8.99,12.03,42.13,110.39,45.87,33.05,45.6,131.66,35.71,53.71,64.75,16.25,44.66,37.6,94.78,64.01,69.33,71.4,35.05,88.71,66.82
31-Dec-12,8.68,11.61,40.85,108.14,44.98,32.33,44.18,127.56,34.69,52.96,63.47,15.9,43.97,36.25,92.85,63,68.43,69.3,34.18,86.55,65.16
28-Dec-12,8.5,11.36,39.93,106.45,44.71,31.62,43.88,125.52,34.01,51.28,62.92,15.62,43.24,35.97,91.78,61.11,68.02,67.96,33.91,85.1,64.02
27-Dec-12,8.62,11.47,40.07,108.52,45.07,32.12,44.21,126.67,34.6,52.45,63.74,15.85,43.63,36.42,92.64,62.02,68.67,69.17,34.18,86.86,64.73
26-Dec-12,8.73,11.54,40.14,108.46,45.09,32.42,44.28,127.16,34.71,52.32,63.81,15.81,43.96,36.42,93.07,61.66,68.84,69.1,34.33,87.07,64.83
24-Dec-12,8.62,11.25,40.32,108.63,44.84,32.18,44.7,127.54,34.52,52.64,63.67,15.97,43.92,36.73,93.19,62.37,69.43,69.28,34.42,86.92,65.17
21-Dec-12,8.57,11.29,40.66,109.71,44.93,31.99,44.68,128.44,34.71,53.39,64.21,15.98,44,36.89,93.1,62.14,69.63,69.69,34.48,87.23,65.78
20-Dec-12,8.7,11.52,41.2,110.38,45.33,32.49,44.82,129.72,35.13,53.46,64.29,16.3,44.53,37.05,94.13,62.26,70.11,71.1,35.06,88.89,66.34
19-Dec-12,8.64,11.19,41.12,109.91,44.85,32.43,44.48,127.25,34.61,53.04,63.77,16.36,43.53,36.78,93.02,62.22,69.88,70.66,34.62,88.44,66.03
18-Dec-12,8.91,11.36,41.93,110.1,44.89,32.79,44.69,127.77,34.8,54.05,63.96,16.5,43.87,37.28,93.85,63,70.53,71.35,34.96,89.56,66.45
17-Dec-12,8.75,11,40.64,108.68,44.63,31.82,44.59,123.49,33.54,52.25,62.39,16.27,43.48,37.5,93.03,62.96,70.37,69.68,34.38,88.87,65.72
14-Dec-12,8.74,10.58,41.09,107.82,44.09,31.42,44.63,119.36,33.39,51.38,61.55,16.18,42.81,37.66,92.28,62.83,70.16,68.91,33.15,88.08,64.95
13-Dec-12,8.59,10.54,42.18,107.91,43.98,31.03,44.43,118.5,33.51,51.84,61.74,16.32,42.78,37.6,92.5,61.77,70.21,72.56,33.26,88.58,65.23
12-Dec-12,8.65,10.61,42.92,108.08,44.3,31.15,45.18,118.09,34.05,52.02,61.1,16.36,42.77,37.64,93.12,61.52,70.24,72.79,33.5,89.45,65.58
11-Dec-12,8.68,10.51,42.89,107.74,43.69,31.05,45.54,118.86,33.99,50.57,61.65,16.53,42.64,37.86,93.68,61.42,70.42,72.6,33.29,88.99,65.59
10-Dec-12,8.57,10.57,42.4,106.96,43.22,30.61,45.91,117.01,33.66,50.02,61.86,16.51,42.31,37.64,91.87,62.01,70.21,72,33.05,88.41,65.17
7-Dec-12,8.5,10.64,42.26,106.99,43.18,30.3,45.51,116.57,33.78,49.69,61.97,16.44,42.56,37.71,91.51,60.7,70.26,71.83,33.23,88.6,65.13
6-Dec-12,8.57,10.46,41.98,106.45,42.87,29.64,45.5,117.2,33.58,49.11,61.52,16.2,41.47,37.38,90.95,59.4,70.02,71.5,33.14,88,64.89
5-Dec-12,8.57,10.46,42,105.17,42.62,29.49,45.45,117.13,33.5,49.47,61.57,16.05,41.2,37.31,90.76,58.11,69.71,71.32,32.98,87.73,64.69
4-Dec-12,8.42,9.91,42.25,103.96,42.48,29.3,45.01,116.58,33.06,48.87,60.52,15.88,40.57,37.15,90.12,59.16,69.86,71.22,32.74,87.19,64.52
3-Dec-12,8.41,9.8,42.72,104.66,42.39,29.3,44.84,118.4,33.08,49.57,60.59,15.97,40.81,37.38,90.3,59.55,69.87,71.02,32.75,87.61,64.66
30-Nov-12,8.41,9.86,43.15,105.69,43.14,30.19,44.85,117.79,33.35,49.61,61.33,16.44,41.08,37.92,90.95,59.54,70.21,71.62,33.01,88.14,64.94
29-Nov-12,8.4,9.83,42.95,105.79,43.54,30,44.85,118.73,32.92,50.5,61.34,16.3,41.22,37.97,90.65,59.45,70.31,70.6,33.16,88.12,64.97
28-Nov-12,8.4,9.76,42.37,105.58,43.24,29.87,44.66,119.33,32.41,49.85,61.24,15.92,40.83,37.56,90.93,59.25,70.35,70.73,32.81,88.1,64.64
27-Nov-12,8.28,9.66,41.62,103.38,43.44,29.71,44.23,118.41,32.04,49.38,60.62,16.29,40.75,37.42,90.31,58.59,70.11,69.87,32.63,87.35,64.14
26-Nov-12,8.3,9.84,41.59,104.99,43.34,29.58,44.24,120.94,32.04,49.9,60.66,16.6,40.88,37.36,90.09,59.06,70,70.43,32.9,88.62,64.43
23-Nov-12,8.35,9.9,41.83,105.47,43.12,29.38,44.81,120.31,32.08,51.12,61.26,16.71,41.09,37.93,90.28,58.98,70.19,71.18,33.2,89.09,64.56
21-Nov-12,8.27,9.77,41.33,104.1,42.42,28.82,44.03,117.7,31.7,50.1,60.59,16.55,40.73,37.39,88.94,57.83,69.31,70.21,32.59,88.01,63.72
20-Nov-12,8.25,9.63,41.21,103.56,42.8,28.79,43.87,118.09,31.71,49.55,60.61,16.5,40.7,37.25,89.02,57,68.91,70.02,32.92,87.5,63.58
19-Nov-12,8.34,9.49,41.62,104.35,42.93,28.78,43.45,118.3,31.71,50.49,60.44,16.62,40.59,37.24,89.57,56.57,68.78,70.69,32.4,87.67,63.51
16-Nov-12,8.18,9.12,40.23,102.4,41.95,27.74,42.85,115.84,30.46,48.91,59.15,15.89,39.53,36.56,88.5,54.34,68.31,68.22,31.94,86.45,62.26
15-Nov-12,8.05,9.09,39.87,101.62,42.1,27.89,42.6,115.44,30.36,48.89,59.33,15.7,39.39,36.43,88.02,54.06,68.19,69.16,31.57,86.14,61.93
14-Nov-12,8.13,8.99,39.64,102.5,42.26,28.28,43.01,114.24,29.95,49.53,59.96,16.14,39.29,36.01,87.31,53.13,68.17,67.83,31.43,86.07,62.07
13-Nov-12,8.31,9.33,40.25,105.28,42.91,28.83,43.45,116.47,30.39,49.96,61.24,16.59,40.04,36.16,89.08,53.9,68.58,69.07,32.02,86.47,62.94
12-Nov-12,8.43,9.39,40.71,105.93,43.13,28.79,43.96,117.24,30.65,50.57,61.44,16.7,40.58,36.08,89.18,53.88,68.61,68.48,32.37,87.32,63.18
9-Nov-12,8.43,9.43,40.71,105.84,43.34,29.36,43.51,116.15,30.56,50.73,60.83,16.7,40.62,36.29,88.81,53.12,68.85,68.37,32.35,87.21,63.13
8-Nov-12,8.39,9.39,40.68,105.87,43.26,29.55,43.24,115.27,30.48,52.2,61.3,16.71,40.4,36.36,88.55,54.31,68.79,67.77,32.35,87.07,63.07
7-Nov-12,8.48,9.23,41.32,107.51,43.83,30.29,43.54,117.98,31.71,53.12,62.12,17,40.48,36.72,89.38,55.46,68.99,70.13,32.91,88.18,63.84
6-Nov-12,8.74,9.94,42.67,110.36,44.55,30.52,43.72,126.25,32.76,55.52,63.53,17.07,42.88,37.42,90.86,56.98,69.35,71.15,34.32,91.61,65.29
5-Nov-12,8.61,9.75,42.03,109.19,44.33,30.06,43.29,124.08,32.29,54.9,62.8,17.06,42.27,36.77,89.6,54.76,69,69.95,34.02,90.63,64.81
2-Nov-12,8.65,9.85,41.59,108.37,44.15,29.75,42.94,123.25,32.11,53.39,62.43,16.19,42.42,37.08,88.97,53.05,69.05,68.77,33.74,90.27,64.64
1-Nov-12,8.75,9.74,42.55,111.46,45,30.11,43.28,124.85,32.68,52.65,62.63,15.53,42.84,37.33,89.25,54.03,69.44,70.15,34.06,91.6,65.24
31-Oct-12,8.57,9.32,41.97,110.24,44.52,29.3,42.85,122.39,32.29,52.26,61.24,15.04,41.68,37.18,87.6,54.93,69.24,69.53,33.69,91.17,64.52
26-Oct-12,8.65,9.12,43.42,111.18,45.18,29.57,42.76,119.44,32.4,53.24,61.49,14.96,41.16,37.04,88.03,55.61,68.98,70.1,33.97,90.62,64.44
25-Oct-12,8.73,9.24,43.42,110.96,45.17,29.66,42.92,119.72,32.92,53.9,61.43,14.6,41.67,37.09,87.81,53.96,68.89,70.74,34.06,90.43,64.53
24-Oct-12,8.7,9.31,42.71,109.71,44.91,29.88,42.61,119.77,32.71,52.53,61.02,14.66,41.71,36.88,88.39,53.7,68.4,70.09,33.72,89.88,64.38
23-Oct-12,8.78,9.36,43.05,109.38,45.25,28.55,44.05,119,33.47,52.37,61.55,14.73,41.33,36.61,88.73,53.25,68.52,71.26,33.87,90.18,64.55
22-Oct-12,9.1,9.55,44.02,112.74,49.76,29.74,44.33,122.77,34.56,54.51,62.28,15.68,42.09,37.23,92.53,54.52,69.6,73.16,34.5,92.19,65.44
19-Oct-12,9.01,9.44,44.75,113.38,49.34,29.86,44.46,123.62,34.98,54.28,62.49,15.61,42.32,37.4,92.94,54.94,69.88,74,34.34,92.15,65.43
18-Oct-12,9.21,9.47,47.1,114.66,50.42,30.22,45.27,125.15,35.65,55.32,61.42,15.96,43.01,37.84,94.74,54.79,70.76,74.8,34.57,93.48,66.54
17-Oct-12,9.18,9.44,46.72,115.18,49.85,30.24,44.69,124.92,35.32,55.62,61.89,15.99,43.32,37.74,94.81,55.75,70.1,74.55,34.47,93.39,66.66
16-Oct-12,8.94,9.46,45.58,114.09,49.74,29.91,44.58,123.22,34.56,54.99,61.52,15.82,42.83,37.9,94.23,55.05,70.3,73.52,33.73,92.38,66.39
15-Oct-12,8.8,9.44,44.95,112.82,49.01,28.32,43.66,124.5,33.84,52.94,60.85,15.32,42.38,38.13,92.79,54.38,70.34,72.76,33.9,91.51,65.74
12-Oct-12,8.69,9.12,44.77,112.07,48.69,28.08,43.46,120.2,33.8,53.28,60.2,15.14,41.62,38.23,92.75,54.3,70.05,72.19,34.25,91.03,65.2
11-Oct-12,8.77,9.34,44.65,113.06,48.78,28.22,43.41,121.99,33.97,53.33,60.29,15.36,42.1,38.11,92.83,54.66,69.82,72.42,35.18,91.17,65.44
10-Oct-12,8.71,9.21,44.16,112.45,49.12,28.08,43.23,120.08,33.5,52.61,60.24,15.17,41.77,38.09,93.28,55.3,70.29,71.08,35.23,91.03,65.3
9-Oct-12,9.13,9.21,44.87,117.36,49.5,28.4,43.91,119.63,33.87,53.73,60.68,15.33,41.38,38.56,93.94,57.13,71.11,71.73,35.1,92.13,65.76
8-Oct-12,9.12,9.28,44.05,117.62,50.26,29,44.05,119.46,33.63,53.63,61.28,15.58,41.66,38.58,95.37,57.92,71.19,71.61,35.8,92.68,66.42
5-Oct-12,9.09,9.32,43.49,117.5,50.35,29.2,44.02,119.31,33.42,53.56,61.43,15.54,41.71,38.58,94.96,54.87,71.1,71.49,35.84,92.55,66.65
4-Oct-12,9.07,9.41,43.98,117.15,49.75,29.18,43.75,119.9,33.97,53.98,61.27,15.04,41.82,38.33,94.43,55.59,70.87,71.67,35.97,92.22,66.62
3-Oct-12,8.78,9.11,43.48,116.14,49.44,28.71,44.3,117.91,33.01,52.64,60.96,14.93,40.86,38.24,93.78,54.52,70.7,71.19,35.44,91.7,66.18
2-Oct-12,8.85,8.93,45.09,117.96,49.5,29.16,44.65,117.25,34.07,53.5,61.45,14.8,40.92,38.34,93.54,55.39,70.62,72.26,34.82,91.72,65.9
1-Oct-12,8.91,8.96,45.05,117.25,50.36,29.32,44.63,116.86,33.67,53.95,60.8,14.91,40.97,38.38,93.29,55.34,70.65,72.58,34.7,91.8,65.82
28-Sep-12,8.86,8.83,45.23,116.56,50.27,28.96,44.53,113.68,33.69,53.72,59.75,14.93,40.48,37.93,92.42,54.59,70.77,72.33,34.53,91.45,65.69
27-Sep-12,8.98,8.97,45.82,117.2,50.84,29.15,44.4,115.23,34.22,53.77,60.24,15.07,40.68,38.31,92.82,54.53,70.64,73.24,34.76,91.8,65.99
26-Sep-12,8.89,8.82,45.37,116.3,50.5,29.1,43.96,113.08,33.92,52.4,59.44,14.81,40.24,37.76,92.59,53,70.42,72.05,34.42,91.23,65.36
25-Sep-12,8.84,8.92,46.32,116.93,50.45,29.79,43.69,113.5,34.77,53.6,59.31,14.92,40.55,37.68,92.83,53.65,70.35,72.69,34.72,91.74,65.72
24-Sep-12,9.06,9.1,46.89,117.78,51.19,30.22,43.87,116.6,35.49,54.78,60.13,15.38,41.23,38.12,93.73,53.45,70.7,74.26,35.1,91.88,66.43
21-Sep-12,9.13,9.11,46.91,117.8,51.8,30.26,43.77,116.72,35.84,55.64,60.52,15.6,40.88,38.03,93.21,53.72,70.55,75.02,34.97,91.92,66.89
20-Sep-12,9.25,9.19,47.46,117.85,51.87,30.88,44.46,117.63,36.13,55.44,60.55,15.88,41.25,38.64,93.58,53.37,71.24,75.23,35.2,91.52,66.82
19-Sep-12,9.47,9.29,48.11,116.6,51.62,30.96,44.69,119.02,36.41,55.1,61.28,15.82,41.34,38.52,93.63,53.21,70.85,74.71,35.25,90.57,66.95
18-Sep-12,9.49,9.23,48.9,116.97,51.27,31.02,44.37,119.88,36.57,55.5,61.39,15.74,41.26,38.62,93.43,52.07,70.73,76.23,35.44,91.65,66.86
17-Sep-12,9.58,9.3,50.1,117.14,51.69,31.13,44.03,119.9,37.22,55.49,61.72,15.75,41.19,38.35,93.78,53.64,70.39,77.14,35.33,91.91,66.95
14-Sep-12,9.84,9.55,50.04,117.25,52.24,32.25,44.08,121.36,37.44,56.06,61.02,16.32,41.57,38.12,93.98,55.61,70.46,77.6,36.13,92.3,67.2
13-Sep-12,9.63,9.4,48.96,116.56,51.13,31.43,45.4,120.67,36.44,55.6,61.12,15.68,41.4,38.35,92.06,54.67,70.88,75.67,35.55,91.23,66.9
12-Sep-12,9.35,8.97,48.02,114.48,50.23,30.18,44.84,118.24,35.73,54.78,60.1,15.53,39.92,37.55,90.81,53.48,70.06,74.32,34.33,89.55,65.85
11-Sep-12,9.33,9.03,47.28,114.18,51.05,30.24,44.83,116.69,35.35,54.59,59.79,15.34,39.6,37.77,91.17,53.35,71.58,73.66,34.15,89.62,65.69
10-Sep-12,9.05,8.58,46.65,113.96,50.63,30.3,44.57,114.68,34.27,53.13,59.56,14.84,38.76,37.66,90.67,52.36,71.84,72.69,34.59,89.48,65.5
7-Sep-12,9.1,8.8,46.74,114,50.56,30.33,44.94,116.33,34.24,52.9,59.9,14.63,39.3,37.9,92.82,51.89,72.1,73.17,35,89.92,65.86
6-Sep-12,8.76,8.35,45.29,113.03,49.85,29.53,45.44,113.54,32.96,50.82,59.02,14.27,38.69,38.15,93.28,50.92,72.15,72.46,34.84,88.99,65.58
5-Sep-12,8.52,7.95,44.46,110.77,48.78,28.45,44.79,109.94,32.41,49.31,57.37,13.87,37.11,37.51,91.75,50.32,71.54,71.25,33.75,87.33,64.28
4-Sep-12,8.42,8,44.66,111.22,48.83,28.64,44.93,106.41,32.15,49.65,57.52,14.01,37.01,37.28,91.68,50.79,72.48,71.42,33.8,87.12,64.31
31-Aug-12,8.56,7.99,45.6,112.16,49.75,29.31,44.81,105.72,32.76,50.53,58.45,14.38,37.14,37.4,92.6,51.75,72.43,72.38,34.03,87.3,64.38
30-Aug-12,8.44,7.91,45,110.93,49.58,29.37,44.6,104.72,32.81,49.68,58.11,14.07,36.9,37.14,91.76,50.81,72.18,71.6,33.87,87.2,64.05
29-Aug-12,8.54,8,45.81,111.8,49.94,29.32,45.06,105.53,33.51,50.54,58.73,14.26,37.3,37.46,92.43,49.72,72.78,72.96,34.07,87.9,64.55
28-Aug-12,8.5,7.96,46.9,112.35,49.8,29.26,44.99,105.03,34.08,50.84,58.56,14.18,37.13,38,92.3,49.83,73.12,74.38,34.1,88.1,64.44
27-Aug-12,8.48,8.07,47.19,111.73,49.95,29.43,45.34,105.12,34.45,49.87,58.39,14.24,37.23,38.17,92.59,49.6,73.17,74.85,34.02,87.74,64.49
24-Aug-12,8.63,8.16,47.51,112.01,50.35,29.89,45.19,104.96,34.27,50.19,58.36,14.47,37.17,38.47,92.83,48.75,73.06,74.59,34.04,88.05,64.54
23-Aug-12,8.63,8.15,47.35,111.29,50.24,29.79,44.67,104.08,34.15,49.78,58.48,14.48,37.23,38.11,91.98,49.04,72.66,74.19,33.92,87.31,64.16
22-Aug-12,8.87,8.22,47.7,112.15,50.79,30.2,45.33,104.67,34.67,50.45,58.88,14.67,37.83,38.77,92.68,49.25,72.89,74.82,34.18,87.73,64.65
21-Aug-12,8.82,8.19,47.55,111.98,50.4,30.23,45.32,105.32,35.16,50.47,59.11,14.6,38.04,39.26,93.21,48.92,73.01,74.35,34.38,87.46,64.6
20-Aug-12,8.8,8.15,47.81,112.52,50.56,30.18,45.43,105.28,35,50.49,59.5,14.69,37.37,39.47,93.89,49.55,73.33,74.34,34.07,87.95,64.78
17-Aug-12,8.75,8,47.32,112.66,50.65,30.16,45.16,103.6,35.12,49.31,59.5,14.82,36.98,39.53,94.24,49.25,73.39,74.78,34.03,88.4,64.81
16-Aug-12,8.77,7.93,47.32,113.32,50.56,30.05,44.91,103.49,35.3,50.01,58.76,14.67,37.1,39.55,93.74,49.71,73.58,74.98,34.13,88.67,64.69
15-Aug-12,8.73,7.87,47.2,112.57,50.28,29.67,45.04,103.13,34.58,49.23,58.47,14.48,37.07,39.35,92.54,49.72,72.62,73.87,33.97,88,64.22
14-Aug-12,8.69,7.78,47.31,113.32,50.14,29.68,44.97,103.26,34.85,49.58,58.43,13.58,37.1,39.38,92.3,49.13,72.24,74.47,33.96,88.2,64.08
13-Aug-12,8.83,7.72,47.99,113.28,50.23,29.45,44.69,103.61,35.04,49.09,58.71,13.56,36.99,39.3,92.4,49.56,71.99,75.2,33.96,88.14,64.07
10-Aug-12,8.98,7.74,48.69,113.55,51.08,29.73,45.03,103.02,35.19,49.68,59.01,13.65,36.97,39.4,92.29,49.56,72.13,75.35,33.83,88.44,64.16
9-Aug-12,8.86,7.72,48.43,112.63,50.54,29.86,45.01,103.6,35.05,49.59,58.97,13.71,36.92,39.62,91.59,48.79,72.14,74.33,33.82,88.2,64.06
8-Aug-12,8.8,7.67,47.52,112.14,50.3,29.92,45.48,102.5,34.62,50.03,58.93,13.59,37.16,39.78,91.63,49.47,72.57,73.66,33.82,88.28,63.98
7-Aug-12,8.6,7.67,48.21,111.95,50.36,30.06,45.23,103.24,34.39,49.42,58.57,13.6,37.01,39.88,91.7,50.44,72.29,73.61,33.96,87.92,63.92
6-Aug-12,8.5,7.64,47.17,111.31,50.16,29.99,45.37,102.02,33.82,48.28,58.64,13.45,36.3,40.32,91.41,49.35,72.48,72.4,34,87.45,63.58
3-Aug-12,8.37,7.43,46.98,111.12,49.47,29.83,45.6,100.98,33.76,47.71,58.91,13.13,36.09,40.42,91.7,49.39,72.87,72.39,34.34,87.55,63.38
2-Aug-12,8.18,7.18,46.14,109.25,49.02,29.08,45.1,97.81,32.86,46.52,57.32,12.8,35.17,39.88,90.08,48,71.8,70.83,33.34,85.88,62.25
1-Aug-12,8.43,7.22,46.99,110.5,49.94,29.3,45.45,100.09,33.41,47.8,58,13.27,36,40.5,91.2,46.8,72.4,71.68,33.9,86.91,62.66
31-Jul-12,8.47,7.34,46.32,109.58,49.7,28.78,45.58,100.9,33.13,47.16,58.05,12.65,36,40.4,91.23,47.3,72.73,71.26,33.81,86.85,62.84
30-Jul-12,8.45,7.28,47.35,109.82,49.67,28.84,45.58,100.88,33.55,48.18,58.39,12.52,36.14,40.56,91.28,47.47,72.75,72.54,33.96,87.56,63.14
27-Jul-12,8.45,7.31,47.35,109.26,49.71,29.08,45.59,101.64,33.62,48.36,59.01,12.49,36.89,40,91.71,47.04,72.26,72.96,34.14,87.45,63.17
26-Jul-12,8.19,7.17,46.48,108.27,48.77,29.18,44.66,98.06,32.56,47.56,57.74,12,35.81,39.42,90.59,45.82,71.22,71.31,33.78,86.52,61.98
25-Jul-12,8.02,7.07,45.02,106.06,48.16,30.27,43.77,95.96,31.3,45.46,56.8,11.89,35.17,38.51,88.75,44.51,70.3,68.25,33.16,85.24,61.03
24-Jul-12,8.02,7.04,45.14,106.3,47.74,30.05,43.34,94.47,31.55,43.93,56.68,11.8,34.73,38.33,88.24,44.44,68.79,67.94,33.23,84.58,61.01
23-Jul-12,8.14,7.09,46.23,107.95,48.71,30.43,43.5,93.16,31.51,44.41,57.44,12.09,34.44,38.44,89.36,45.86,69.34,69.55,33.44,85.21,61.59
20-Jul-12,8.26,7.07,45.59,109.19,48.87,30.92,43.78,94.16,30.77,45.4,57.74,12.36,33.9,38.52,89.99,45.56,69.96,69.33,33.81,85.95,62.21
19-Jul-12,8.38,7.26,41.75,108.84,49.2,31.32,43.95,95,30.21,44.99,57.95,12.4,34.46,38.78,90.83,45.51,70.42,68.64,34.15,86.21,62.82
18-Jul-12,8.33,7.53,41.84,107.88,48.92,30.74,44.09,96.51,30.17,44.9,58.18,12.13,34.96,38.72,90.87,46.83,70.38,68.76,33.96,86.21,62.6
17-Jul-12,8.28,7.92,40.92,107.43,48.35,30.25,43.64,97.98,29.4,44.1,54.54,11.83,34.99,38.84,88.98,45.45,70.33,67.79,34.12,85.73,62.16
16-Jul-12,8.33,7.81,39.48,106.78,47.57,29.91,43.39,97.68,29,43.5,54.48,11.44,35.09,38.24,88.1,44.85,70.35,66.3,34.02,85.05,61.72
13-Jul-12,8.42,7.82,39.3,106.01,47.63,30.32,44.09,97.43,28.8,43.29,54.58,11.63,36.07,38.64,87.59,44.95,70.41,66.72,33.91,85.47,61.9
12-Jul-12,8.3,7.48,38.85,105.03,46.85,29.8,43.7,94.02,28.41,42.6,53.6,11.39,34.04,38.32,86.41,43.43,69.85,65.39,32.85,84.12,60.96
11-Jul-12,8.35,7.63,39.46,104.85,47.14,30.29,43.63,95.13,28.53,43.68,53.7,11.59,34.59,38.73,87.85,44.38,70.13,65.66,33.27,84.38,61.17
10-Jul-12,8.4,7.48,39.25,103.88,47.65,30.56,43.84,94.25,28.36,42.3,53.71,12.29,34.25,38.99,88.25,43.99,69.87,64.97,32.97,83.11,61.23
9-Jul-12,8.76,7.56,40.02,104.46,47.47,31.19,43.23,94.47,29,43.31,55.21,12.64,33.96,38.99,88.96,44.39,69.99,65.82,33.26,83.65,61.76
6-Jul-12,8.72,7.66,40.28,105.07,48.9,31.51,43.31,95.47,29.3,43.32,54.89,13.19,33.9,39.08,88.99,44.51,70.22,65.17,33.05,84.8,61.84
5-Jul-12,8.92,7.82,40.71,106.03,49.61,31.66,43.92,95.92,29.56,44.29,56.09,13.43,34.38,39.22,89.57,44.2,70.17,66.1,33.13,85.57,62.44
3-Jul-12,8.9,8.06,42.11,107.37,49.59,31.69,43.9,98.6,29.94,45.3,55.59,13.19,35.88,39.58,89.7,45.36,70.76,67.34,33.48,86.28,62.7
2-Jul-12,8.62,8.05,40.91,105.86,49.43,31.51,43.54,97.13,28.6,43.46,55.16,12.57,36.28,39.46,89.28,46.07,70.76,64.94,33.55,85.34,62.22
29-Jun-12,8.75,8.18,41.1,105.5,50.57,31.5,43.75,95.86,28.39,43.45,55.84,12.94,35.73,39.1,89.6,44.92,70.66,64.91,33.44,85.57,62.1
28-Jun-12,8.51,7.74,39.96,103.46,49.69,30.66,43.47,93.49,27.69,41.12,52.92,12.8,35.88,38.28,87.16,44.19,69.6,62.72,32.48,83.1,60.55
27-Jun-12,8.53,7.77,39.39,102.57,49.62,30.76,42.79,93.27,27.21,41,54,12.66,36.78,38.17,87.16,42.52,69.75,61.47,32.73,83.2,60.72
26-Jun-12,8.39,7.62,38.26,100.95,48.83,31.32,42.52,91.03,26.7,39.99,53.26,12.64,35.71,37.54,86.18,42.55,68.94,59.67,32.32,82.4,60.16
25-Jun-12,8.39,7.6,38.13,99.08,49.29,32.24,42.66,91.22,26.98,39.95,53.72,12.43,35.32,37.38,85.85,41.34,68.61,60.06,32.22,81.24,59.87
22-Jun-12,8.62,7.94,39.14,100.44,49.96,32.82,42.9,93.63,27.8,41,55.51,12.88,35.99,37.47,86.83,41.79,68.7,61.56,32.81,82.11,61.14
21-Jun-12,8.55,7.82,39.05,100.02,49.54,32.91,42.22,93.9,28.35,40.97,55.43,12.8,35.51,37.34,86.73,41.33,68.5,62.56,32.34,82.11,60.7
20-Jun-12,8.92,8.14,40.88,103.63,51.04,33.76,42.66,96.55,29.57,44.21,56.54,13.38,36.45,37.78,87.54,42.8,68.91,65.54,32.81,84.97,62.15
19-Jun-12,8.9,8.11,40.98,104.06,51.06,33.62,42.82,96.37,29.39,44.33,56.58,13.46,35.38,37.87,87.82,40.87,69.31,67.15,32.96,84.48,62.2
18-Jun-12,8.69,7.76,39.61,103.46,50.32,33.02,42.9,93.63,28.96,43.71,55.88,12.75,34.62,37.99,87.31,39.84,69.6,66.54,32.46,83.11,61.59
15-Jun-12,8.82,7.9,40.38,104.33,50.24,32.89,42.69,95.66,29.45,44.8,56.04,13.04,35.03,38.04,87.44,40.15,69.48,66.46,32.45,83.22,61.45
14-Jun-12,8.65,7.66,39.54,101.92,49.55,32,42.87,93.82,28.68,43.95,55.22,12.96,34.65,37.87,86.86,39.4,69.27,65.38,32.03,82.13,60.88
13-Jun-12,8.48,7.5,38.69,100.13,49.11,31.66,43.22,92.72,28.22,43.13,55.12,11.86,34.3,37.34,86.13,38.76,68.55,63.95,31.58,80.63,60.25
12-Jun-12,8.52,7.49,39.27,100.74,49.89,32.11,43.65,94.04,28.13,43.93,56.05,12.07,33.77,37.6,86.73,39.07,68.4,64.93,31.3,81.26,60.66
11-Jun-12,8.32,7.28,38.62,99.91,48.66,31.55,42.45,92.8,27.5,43.98,55.13,11.73,32.82,37.33,85.18,37.88,68.05,64.07,30.99,80.27,60
8-Jun-12,8.52,7.56,39.25,100.84,49.5,32.11,42.64,94.54,27.96,44.72,55.99,12.36,33.68,37.62,86,37.36,68.31,64.54,31.43,80.84,60.8
7-Jun-12,8.55,7.42,40.12,100.39,49.03,31.84,41.86,94,28.13,44.76,55.37,12.42,32.81,37.14,85.5,37.24,67.68,64.43,31.18,80.69,60.29
6-Jun-12,8.64,7.64,40.65,99.8,48.63,31.69,41.39,94.96,28.1,45.1,54.66,12.3,33.07,37.3,84.63,36.32,67.49,64.59,30.97,80.18,60.32
5-Jun-12,8.45,7.1,41.08,96.49,47.34,30.84,40.84,92.21,29.12,43.01,53.29,11.94,31.99,36.62,82.51,35.2,67,62.24,30.52,77.6,58.98
4-Jun-12,8.39,6.9,40.84,96.58,47.02,30.49,40.83,91,29.52,42.68,53.2,11.68,31,36.82,82.62,34.28,67.48,62.21,30.05,77.83,58.54
1-Jun-12,8.3,7.02,40.74,96.41,47.21,30.36,40.63,92.64,29.97,42.65,53.94,11.84,31.93,36.54,82.85,35.24,67.51,62.07,30.16,77.92,58.55
31-May-12,8.55,7.35,41.73,98.31,48.26,31.06,41.26,95.7,30.06,43.7,55.66,12.8,33.15,37.36,84.41,36.07,67.85,63.25,32.05,78.63,60.1
30-May-12,8.58,7.2,42.57,97.63,48.43,31.22,41.09,94.61,30.36,45.38,56.2,13.16,32.96,37.53,84.45,36.58,68.22,64.18,31.7,79.79,60.24
29-May-12,8.89,7.44,43.33,100.24,49.17,31.98,41.1,97.86,32.01,47.42,57.2,13.54,33.63,37.73,85.73,37.23,69.33,67.24,32.25,81.93,61.17
25-May-12,8.63,7.15,41.54,98.86,48.4,31.3,41.09,96.7,31.37,46.69,56.75,12.87,33.5,37.62,84.78,36.88,68.64,65.41,31.86,82.08,60.43
24-May-12,8.63,7.14,41.25,100.06,48.66,31.55,40.76,96.86,31.41,46.51,57.27,13.04,33.97,37.78,84.98,35.8,68.81,65.85,31.81,82.61,60.58
23-May-12,8.61,7.17,41.72,99,48.73,30.52,41.12,98.04,31.32,46.63,57.62,13,34.26,37.28,84.8,35.42,68,67.18,31.74,82.04,60.5
22-May-12,8.49,6.98,41.46,99.32,48.58,30.48,40.91,97.53,30.78,45.77,57.28,12.93,34.01,37.1,84.13,35.39,68.08,66.4,31.67,81.95,60.43
21-May-12,8.6,6.83,41.99,99.69,48.87,30.54,40.57,96.51,31.17,46.04,57.03,13.1,32.51,37.26,84.46,35.96,67.98,66.76,31.4,82.04,60.37
18-May-12,8.43,7.02,40.43,98.46,47.97,29.45,40.25,95.49,29.93,44.6,55.23,12.74,33.49,37.02,83.51,34.92,68.12,64.06,30.94,81.47,59.31
17-May-12,8.5,6.98,40.78,100.14,48.84,29.39,40.83,97.08,30,45.15,55.48,13.22,33.93,37.56,84.34,34.87,68.77,64.75,31.44,81.91,59.78
16-May-12,8.49,7.11,40.79,100.1,49.85,30.15,41.09,98.2,30.2,44.24,57.14,14.23,35.46,38.16,85.35,35.27,68.75,64.81,31.97,82.17,60.78
15-May-12,8.71,7.3,40.96,100.9,50.15,30.87,40.43,99.87,30.58,45.32,57.48,14.76,36.24,38.28,85.78,35.3,67.85,65.52,32.24,81.79,61.07
14-May-12,8.92,7.35,41.58,101.94,50.84,31.67,40.81,99.77,31.58,46.63,58.15,14.81,35.79,38.44,85.83,35.82,67.15,67.25,32.41,82.12,61.4
11-May-12,9.06,7.55,41.72,102.69,51.57,32.15,40.95,102.13,31.83,47.95,58.55,14.85,36.96,38.74,86.73,37.21,66.8,68.8,33.31,83.1,62.07
10-May-12,9.1,7.7,41.67,103.36,52.02,32.19,41.18,106.32,32.31,48.55,58.57,15.02,40.74,38.7,87.13,38.2,66.79,69.44,33.19,82.84,62.28
9-May-12,9.15,7.73,41.35,101.78,52.09,32.13,40.95,107.29,32.42,48.65,58.37,14.58,40.64,38.39,87.27,38.21,65.94,69.64,32.63,83.31,62.16
8-May-12,9.21,7.79,41.39,102.84,52.68,32.11,40.59,109.37,32.69,49.85,59.37,14.95,41.38,38.57,87.56,38.52,66.52,70.39,33.15,84.02,62.52
7-May-12,9.33,7.96,41.78,103.31,52.74,32.29,39.82,110.04,32.42,50.34,59.52,15.23,41.78,38.64,88.01,39.66,66.62,70.6,33.5,84.48,62.76
4-May-12,9.37,7.74,41.18,103.72,52.89,32.33,39.92,108.99,32.53,50.94,59.31,14.83,41.75,38.5,88.67,39.74,65.9,69.96,33.03,84.57,62.78
3-May-12,9.58,8,42.84,105.99,53.26,32.86,40.11,111.53,34.06,52.4,60.47,15.04,43.01,38.72,89.39,40.36,66.91,72.61,33.39,85.65,63.73
2-May-12,9.73,8.16,44.41,107.03,53.67,33.35,41.32,113.77,34.49,54.04,60.64,15.43,43.2,38.58,89.52,41.49,66.83,74.17,33.57,86.2,64.27
1-May-12,9.97,8.31,44.76,108.27,53.71,33.85,40.52,115.33,35.03,54.03,60.93,15.42,43.79,38.46,89.6,41.21,66.49,75.13,34.09,87.04,64.44
30-Apr-12,9.73,8.11,44.11,106.56,53.46,33.88,40.58,115.15,34.22,52.14,60.66,14.16,42.98,38.16,89.36,41.61,66,74.14,33.42,86.34,64.04
27-Apr-12,9.75,8.25,42.91,106.2,53.72,34.73,39.71,114.41,33.24,51.54,61.29,14.34,43.34,38.32,89.36,41.29,66.1,73.95,33.77,86.08,64.34
26-Apr-12,9.86,8.27,43.26,106.22,53.74,34.85,39.71,114.56,33.45,51.75,61,14.28,43.8,37.86,89.32,40.65,66.37,74.25,33.84,86.07,64.22
25-Apr-12,9.82,8.26,43.38,103.85,53.8,36.08,39.31,113.98,33.54,51.18,60.48,14.31,43.16,37.46,88.8,40.11,66.67,74.46,33.35,86.85,63.75
24-Apr-12,9.66,8.21,43.04,103.03,52.68,34.63,40.32,114.11,33.38,55.04,59.93,14,43.28,37.06,88.49,40.26,66.51,72.71,33.07,86.31,62.8
23-Apr-12,9.63,8.18,41.07,102.44,51.82,34.76,39.96,111.75,32.95,54.12,59.2,14.3,42.85,36.84,87.13,40,66.18,71.19,32.69,85.69,62.6
20-Apr-12,9.7,8.36,40.46,102.52,52.62,35.31,40.59,112.44,33.29,55.07,59.39,14.49,42.72,37.06,87.48,39.9,66.63,71.7,33,85.3,63.17
19-Apr-12,9.76,8.77,41.02,102.51,52.61,34.96,40.5,113.6,33.98,55.25,58,14.5,43.22,36.91,86.8,39.74,66.15,69.8,33.12,85.28,63.13
18-Apr-12,9.95,8.92,41.31,103.39,53.27,34.61,40.39,115.33,34.17,55.15,58.73,14.44,43.29,37.08,87.13,39.86,66.21,69.93,33.57,85.75,63.47
17-Apr-12,9.99,8.92,41.53,103.62,53.4,34.62,40.08,116.86,32.66,55.57,58.93,14.71,43.9,36.98,87.45,39.99,66.4,69.35,33.68,85.45,63.71
16-Apr-12,9.86,8.79,40.8,101.51,52.72,33.6,39.36,117.73,32.06,54.26,58,14.35,43.33,36.22,86.4,40.01,65.99,67.44,33.15,84.01,62.74
13-Apr-12,9.85,8.68,41.05,100.78,52.02,33.2,39.26,115.09,32.41,55.28,58.07,14.22,43.21,35.97,85.69,41.62,65.06,68.38,32.84,82.95,62.84
12-Apr-12,10.17,9.17,41.77,102.59,52.41,32.67,39.14,120.39,33.18,56.66,58.79,14.63,44.84,36.11,86.86,41.76,65.38,70.34,34.02,83.6,63.57
11-Apr-12,9.9,8.86,40.48,100.95,51.45,31.87,39.47,115.93,32.13,55.47,57.08,13.97,44.01,36.06,85.35,41.51,65.15,68.12,33.62,82.7,62.68
10-Apr-12,9.32,8.54,40.28,101.45,51.05,31.7,39.28,114.56,31.99,55.45,56.58,13.91,42.96,36.01,84.58,41.83,64.85,67.26,32.92,82.17,62.27
9-Apr-12,9.6,8.93,40.58,103.49,51.95,32.49,39.77,117.02,32.38,56.74,57.89,14.3,43.89,36.44,86.33,42.46,65.35,67.59,33.42,83.88,63.29
5-Apr-12,9.63,9.23,41,104.75,52.7,33.42,40.54,118,32.77,57.87,59.49,14.66,44.34,36.74,87.27,42.13,66.15,68.42,33.73,84.82,64
4-Apr-12,9.81,9.2,41.33,105.6,52.63,33.6,40.3,119.96,33,58.58,60.15,14.76,44.41,36.73,87.84,42.59,66.34,68.69,33.88,84.98,64.1
3-Apr-12,10.06,9.49,41.74,107.14,53.3,34.05,40.46,122.71,33.6,58.94,60.63,15.11,45.42,36.88,88.79,42.4,66.56,69.73,34.48,85.83,64.72
2-Apr-12,10.17,9.68,42.46,108.3,53.39,34.97,40.62,124.9,33.45,59.55,61.12,14.99,46.13,37.07,89.23,43.44,66.74,69.84,34.51,87.07,64.94
30-Mar-12,10.02,9.57,41.94,107.21,52.9,34.64,40.21,124.37,33.19,58.95,61.05,14.01,45.98,37,89.21,43.36,66.35,69.93,34.14,86.73,64.43
29-Mar-12,10.03,9.53,40.79,106.85,52.75,34.18,39.75,123.76,32.77,58.43,60.7,14.16,45.67,36.9,88.77,43.24,66.02,69.14,33.94,86.08,64.24
28-Mar-12,9.83,9.75,40.82,105.89,52.95,34.12,38.69,126.36,32.48,58.63,60.75,14.28,46.27,36.33,88.45,43.56,65.93,69.78,34.47,85.86,64.33
27-Mar-12,10.06,9.6,41.95,107.04,53.32,35.16,38.57,126.33,32.83,59.67,61.3,14.72,45.89,35.94,89.14,44,66.01,69.96,34,86.62,64.63
26-Mar-12,10.22,9.93,43.11,107.84,53.25,35.68,38.76,128.07,33.65,60.14,61.78,14.58,46.17,35.95,89.12,45.21,65.78,72.4,34.39,87.03,64.82
23-Mar-12,10.11,9.85,43.71,106.36,52.63,35.02,38.77,126.18,33.42,59.86,60.16,14.23,45.16,35.74,88.46,44,65.3,73.18,33.53,85.55,64.26
22-Mar-12,10.01,9.6,43.22,105.35,52.22,34.47,38.95,124.74,32.98,59.22,59.75,14.09,44.65,35.71,88.57,43.37,65.39,71.98,33.36,85.33,64.04
21-Mar-12,10.27,9.82,45.04,107.91,52.61,35.04,38.6,125.99,34.13,61.22,59.47,14.4,45.12,35.56,88.91,43.68,65.36,74.01,34.02,86.01,64.52
20-Mar-12,10.44,9.81,47.82,109.08,52.71,35.3,38.38,126.02,34.76,61.69,59.48,14.16,45.38,35.3,89.35,43.79,65.28,75.71,34.32,86.6,64.58
19-Mar-12,10.6,9.53,48.87,110.7,53.25,35.44,38.66,124.3,35,63.27,60.46,14.05,45,35.2,89.74,44.55,64.73,77.1,34.25,86.99,64.81
16-Mar-12,10.54,9.8,48.95,110.28,53.38,35.3,38.55,122.93,34.54,62.55,60.37,14.07,44.57,35.08,89.56,44.19,64.47,76.76,33.89,86.44,64.56
15-Mar-12,10.35,9.24,47.59,110.03,53.56,35,38.45,123.06,33.91,61.49,60.85,14.21,44.7,35.16,90,43.9,64.17,74.92,34.07,86.09,64.46
14-Mar-12,10.28,8.84,47.9,110.69,52.66,34.45,38.65,120.37,34.18,61.77,60.52,14.09,43.58,35.11,88.87,43.91,64.06,74.02,33.37,86.02,64.11
13-Mar-12,10.31,8.49,48.6,111.19,52.68,34.6,38.93,124.54,35.34,63.01,60.37,14.08,43.39,35.12,88.75,44.04,64.34,74.77,33.33,86.86,64.21
12-Mar-12,9.87,7.99,47.59,110,51.2,33.61,38.53,116.99,34.7,62.67,59.26,13.81,40.54,35.08,87.54,43.78,63.94,74.02,31.51,85.55,63.04
9-Mar-12,9.81,8.05,48.79,109.57,51.5,34.06,38.09,117.29,34.88,63.04,59.78,14.03,41.03,34.76,86.8,43.9,63.15,75.84,31.66,84.3,63.06
8-Mar-12,9.77,8.06,48.75,110.03,51.08,33.86,37.7,117.17,34.78,64.56,59.49,13.7,40.44,34.64,86.71,43.64,62.95,75.82,31.4,84.83,62.86
7-Mar-12,9.55,8.02,47.55,109.46,50.23,33.12,37.68,116.4,34.21,64.14,57.74,12.87,39.95,34.4,85.47,42.55,62.62,74.7,30.41,85.83,62.2
6-Mar-12,9.47,7.71,47.17,108.85,50.03,32.5,37.86,113.67,34.13,63.5,57.77,12.69,39.32,34.38,84.95,41.99,62.28,73.79,30.1,85.86,61.73
5-Mar-12,9.87,7.97,48.06,109.32,50.89,33.69,37.86,118.63,35.07,64.7,59.1,13.33,40.4,34.62,87.06,42.75,62.79,75.69,30.97,87.01,62.7
2-Mar-12,10.24,8.13,49.03,109.61,51.45,34.2,37.8,119.96,36.05,65.43,59.75,13.88,40.63,34.59,87.52,42.18,62.52,77.19,31.28,86.33,62.95
1-Mar-12,10.27,8.12,50.76,109.76,51.33,34.1,38.14,121.13,36.5,66.16,60.12,13.76,40.37,34.8,87.49,42.72,62.55,78.37,31.54,86.83,63.2
29-Feb-12,10.17,7.97,50.28,109.12,50.85,33.51,38.05,115.14,36.59,64.92,59.57,13.66,39.24,34.93,87.6,41.55,62.94,77.61,31.29,86.5,62.73
28-Feb-12,10.37,8.12,51,109.61,51.39,34.35,38.12,117.11,37.68,65.86,59.75,14.2,39.21,34.42,87.77,41.67,63.32,78.78,31.37,87.14,63.06
27-Feb-12,10.32,8.04,50.57,109.63,51.2,34.19,38.41,116.23,37.75,67,59.7,14.06,39.06,34.42,88.07,42.61,63.32,79.11,31.03,87.23,62.89
24-Feb-12,10.43,7.88,51.96,109.08,50.99,33.82,38.59,115.87,38.51,67,59.27,13.74,38.28,34.5,88.2,42.86,63.31,79.85,30.18,87.34,62.77
23-Feb-12,10.46,8.02,52.4,108.35,51.43,33.86,38.87,115.8,38.21,66.38,59,13.54,38.49,34.59,87.9,43.69,63.13,79.59,30.65,87.02,62.69
22-Feb-12,10.38,7.95,52.36,107.5,51.28,33.67,38.88,114.36,38.24,65.23,59.51,13.35,38.07,34.62,87.76,43.52,63.1,80,30.59,86.92,62.36
21-Feb-12,10.41,8.11,51.24,108.41,51.6,34.65,39.21,116.63,37.03,65.5,59.89,13.5,38.46,34.41,87.6,43.81,63.14,78.58,30.96,86.57,62.52
17-Feb-12,10.15,8.02,50.06,106.66,51.48,35,39.55,115.91,36.29,65.15,60.1,13.79,38.47,34.52,87.56,43.44,62.68,77.74,31.09,85.62,62.54
16-Feb-12,10.28,8.09,48.5,106.52,50.53,34.44,40,114.74,35.64,64.88,59.47,13.99,38,34.43,87.65,44.09,62.73,78.06,30.37,85.41,62.44
15-Feb-12,10.1,7.78,47.42,105,49.46,33.66,39.9,113.17,35.23,64.13,59,12.99,37.4,34.2,87.01,43.7,63.07,77.36,30.17,84.12,61.69
14-Feb-12,10.21,7.98,48,106.49,49.66,33.6,39.11,112.87,35.7,61.9,59.84,13.21,37.92,34.45,87.99,44.02,63.52,77.8,30.42,84.67,61.98
13-Feb-12,10.33,8.25,47.9,106.38,50.6,34.19,38.64,114.53,36.14,62.26,60.14,13.45,38.3,34.22,88.03,43.48,63.69,78.03,30.62,84.42,62.03
10-Feb-12,10.29,8.07,47.62,105.28,51.15,34,38.51,114.12,36.06,61.82,59.33,13.38,37.61,33.97,87.14,44.08,63.95,77.17,30.26,83.8,61.56
9-Feb-12,10.64,8.18,49.04,106.37,52.06,34.42,38.13,115.88,36.77,63.25,59.89,13.4,37.86,33.98,88.02,44.84,64.27,78.64,30.58,84.88,62.08
8-Feb-12,10.67,8.13,49.91,106.76,51.65,33.95,38.18,116.15,37.02,60.46,59.87,13.59,38.3,34.16,87.97,44.95,66.74,78.41,30.63,85.32,61.96
7-Feb-12,10.67,7.85,51.03,106.83,51.61,33.86,38.46,115.98,37,61.18,60.16,13.51,37.87,34.28,87.89,43.92,66.76,79.5,30.26,86.34,61.78
6-Feb-12,10.74,7.97,52.09,106.67,51.78,33.98,38.33,117.39,37.4,61.12,60.31,13.67,38.14,34.02,87.56,44.42,66.52,79.64,30.2,85.75,61.65
3-Feb-12,10.76,7.84,51,105.5,52.01,34.18,38.65,117.53,36.83,60.38,60.74,13.85,38.28,34.04,87.73,43.98,66.66,78.66,30.63,84.92,61.69
2-Feb-12,10.42,7.45,50.65,103.69,51.4,33.54,39.08,113.39,36.54,57.81,59.03,13.39,37.55,33.92,87.43,42.56,66.4,77.31,29.9,83.53,61.69
1-Feb-12,10.2,7.36,49.58,102.79,51.56,33.94,39.05,113.45,36.64,56.73,58.94,13.41,37.6,33.92,87.35,41.88,66.38,76.12,29.89,83.97,60.7
31-Jan-12,10.16,7.13,49.13,103.12,50.89,33.51,38.82,111.47,36.78,56.3,58.04,12.73,37.3,33.76,86.71,38.22,65.67,75.17,29.21,83.74,60.09
30-Jan-12,10.32,7.07,49.42,103.41,50.97,33.19,38.37,109.73,36.67,55.15,58.18,12.55,37.01,33.73,87.34,37.48,65.41,76.27,29.25,85.49,60.08
27-Jan-12,10.43,7.29,49.31,103.96,50.72,33.46,38.71,111.77,37.1,55.26,58.27,12.69,37.21,33.72,87.46,37.53,65.81,76.66,29.6,85.83,60.33
26-Jan-12,10.36,7.3,48.1,106.59,50.94,33.41,39.08,108.56,36.16,54.99,57.83,11.83,37.49,34,87.58,37.51,66.52,75.98,29.05,86.77,60.34
25-Jan-12,10.48,7.35,48.16,107.73,50.59,33.74,38.76,108.27,36.41,57.31,58.1,12.09,37.6,34.22,86.48,38.76,66.7,76.19,30.2,87.22,60.68
24-Jan-12,10.27,7.29,47.44,106.72,49.41,33.38,37.8,108.87,36.36,60.32,57.63,11.99,37.66,33.95,85.93,39.04,66.2,74.59,30.54,87.18,60.12
23-Jan-12,10.25,7.25,47.73,107.01,49.35,33.1,38.09,108.19,35.44,61.65,57.62,11.9,37.66,34.26,85.61,37.87,66.1,74.16,30.92,87.47,60.18
20-Jan-12,10.17,7.07,49.28,106.89,49.42,33.39,37.67,108.74,36.2,61.27,57.38,11.47,37.36,34.04,85.65,37.17,66.28,73.8,30.54,87.49,60.11
19-Jan-12,10.18,6.96,48.77,106.93,49.4,32.98,37.33,107.68,36.25,61.19,58.5,11.33,36.93,33.72,85.8,35.85,65.91,72.86,30.15,87.03,60.04
18-Jan-12,10.02,6.8,48.56,106.83,49.45,33.15,37.72,104.31,34.99,59.67,58.19,11.21,36.54,33.8,85.07,35.46,64.85,70.63,30.24,86.45,59.77
17-Jan-12,9.76,6.48,47.7,106.72,48.54,32.64,37.63,97.68,33.86,57.39,57.16,10.85,34.91,33.68,84.23,33.54,64.65,67.64,29.82,85.69,59.1
13-Jan-12,9.8,6.61,48.02,106.09,48.4,32.02,37.82,98.96,33.94,56.55,56.7,11.21,35.92,33.5,83.6,33.03,64.4,67.99,29.61,84.88,58.95
12-Jan-12,9.93,6.79,48.29,104.97,48.1,32.56,37.96,101.21,34.73,57.01,57.19,11.03,36.85,33.78,84.28,32.64,64.62,69.7,29.61,84.74,59.2
11-Jan-12,9.63,6.87,50.21,107.77,47.3,31.43,38.15,99.76,35.38,57.94,56.46,10.59,36.66,34.03,83.77,32.89,65.01,70.16,29.62,85.08,59.06
10-Jan-12,9.44,6.63,51.95,109.06,47.14,30.98,38.62,98.33,36.33,58.56,56.58,10.2,36.05,34.67,84.3,31.83,65.66,70.75,29.41,85.72,58.99
9-Jan-12,9.42,6.27,51.58,109.49,46.43,30.31,38.52,94.69,35.38,56.9,55.64,9.84,35.3,34.46,83.87,30.96,65.73,68.82,29.3,85.5,58.45
6-Jan-12,9.16,6.18,51.26,108.31,46.04,30.32,38.52,93.42,34.98,56.42,55.18,9.9,35.36,34.46,83.37,31.66,65.39,67.78,28.94,85.12,58.32
5-Jan-12,9.36,6.31,50.82,109.1,46.7,30.14,38.79,94.58,34.56,57.6,55.59,9.82,35.68,34.68,83.8,31.92,66.22,68.07,29.02,85.76,58.44
4-Jan-12,9.45,5.81,51.53,110.18,47.02,29.95,38.55,94.74,35.12,59,55.53,9.87,34.95,34.85,84.18,33.76,66.74,69.56,28.56,86.02,58.25
3-Jan-12,9.23,5.8,51.02,110.37,46.51,29.79,38.34,95.36,34.15,58.4,55.58,9.95,34.98,35.07,83.49,33.41,66.4,70.09,28.43,86,58.18
